wavelength_nm,thermalbrightn,kaptonws,kaptonhn,blackmli,dunmore,solarcell
380.0,0.054754273428215115,0.05178426856777356,0.02563846862068378,0.03408204188833028,0.04776845010306462,0.27021724725969615
381.0,0.05553551427490883,0.05178426870368164,0.024837436043113243,0.027649179009816813,0.023244616606019664,0.26467047143648414
382.0,0.0562033023410507,0.051784268816533544,0.024081044758583452,0.029700394658197588,0.0175600218201743,0.26871271249636114
383.0,0.056522067187072624,0.05178426945955738,0.023628735884296932,0.021765222143213254,0.015170017171408354,0.27061577349775356
384.0,0.05678266862178891,0.05178427081844745,0.023219662047157377,0.024727456974786125,0.02213580087809158,0.2699650907525065
385.0,0.05766265471275397,0.051784269469200804,0.02261803537317571,0.024783538942127092,0.032093831903064855,0.269394259021071
386.0,0.05860175518651037,0.05180469629286864,0.02220474229289648,0.025610613080813995,0.015350679289574962,0.2687608192880456
387.0,0.059391568147215204,0.051923353113141904,0.02185544108851418,0.04560387166070199,0.042174544972457095,0.26660911557728506
388.0,0.060223573914555635,0.05212003407888511,0.021483734413265492,0.04137474061670025,0.03350679617297503,0.26558954657666517
389.0,0.06128046829132039,0.051970014822633165,0.020970462542033854,0.01664331512797251,0.019874798441278988,0.26867456393060674
390.0,0.06289784985056897,0.05158710258867485,0.020358662277672523,0.028778142432746474,0.021019909691035774,0.2680669073803144
391.0,0.06485391711259506,0.05247417359746699,0.019968760662243023,0.030864550065217284,0.027525566238996418,0.26607292329179644
392.0,0.0663360497611756,0.054151357461637135,0.01970529690157395,0.019845351683669597,0.017700379784943456,0.2674522448370372
393.0,0.06412200989016288,0.05613192333321777,0.019495124556327636,0.017470575497427917,0.01420435193538206,0.26580234619871373
394.0,0.06505513642910543,0.058281791798072226,0.019498673359615897,0.021934858521960737,0.015402488684538656,0.26652643511298346
395.0,0.06820790751818696,0.06069279176730005,0.01954493862126239,0.024227633304139438,0.017468213117481132,0.2661975642521604
396.0,0.07165769400627423,0.06360788144321344,0.01955935610025527,0.02592363539009259,0.02733801502127813,0.2628171575730623
397.0,0.07502285198039384,0.06557938079820816,0.019562481347762953,0.028149666758562713,0.027253644136479994,0.2654562812669123
398.0,0.07849564481433777,0.0667343126116329,0.01956756386767166,0.0171048373882325,0.014303218943621776,0.26544210562992376
399.0,0.08345948135295628,0.07017642757185093,0.019578303647847295,0.018954815919090304,0.014374769344391544,0.2630510801111158
400.0,0.08819912300029996,0.07363594138739933,0.01949719501176816,0.025609126818057038,0.02279663314287834,0.2653216934014688
401.0,0.0924818665404775,0.07696580333844581,0.019135686475643326,0.02885043523412218,0.021682288353822604,0.2649463063067911
402.0,0.09684643298231767,0.08084396681311727,0.018740858635379744,0.01828052969077812,0.013797311719667783,0.26602731796189555
403.0,0.1017508968615806,0.08487691873067273,0.018276432754089234,0.013639384309583875,0.017254238605310168,0.2679697755563503
404.0,0.10851889944520823,0.08876467818080591,0.01785445846391382,0.013299798923216952,0.01121905344217252,0.2703213916897599
405.0,0.11216846784894934,0.09279051299171005,0.01746568556540412,0.013209945990157573,0.014898123876604592,0.2689971010500506
406.0,0.11566620662885627,0.09678982940325907,0.01706942606218701,0.009709151550794548,0.015980526325031125,0.26499891657031777
407.0,0.12052354339184772,0.10076158653870056,0.016586402710746313,0.01894753385389396,0.014207576373706326,0.26378201728979755
408.0,0.1249202784158902,0.1050598743442792,0.01632116692082652,0.013104588689306088,0.013748385170787953,0.2638106200501032
409.0,0.1290448550536308,0.109558848258645,0.01616361199566381,0.01095575686556913,0.017688976135817127,0.2642630034347382
410.0,0.13313152414034563,0.11403329375313315,0.016013555735620178,0.015824673562327567,0.011440127528194682,0.2626366694177757
411.0,0.13687826591569688,0.11826092862125472,0.01582570944782043,0.014890958822907837,0.012980627405247937,0.260396865237193
412.0,0.1403250212057355,0.12232079488421327,0.015637395791131995,0.012590898068483907,0.012726853446288393,0.26340328698962534
413.0,0.14356429944412977,0.1264609122323545,0.015321629643551998,0.012808178043024254,0.013544640950510431,0.26451699218952635
414.0,0.14665439615267875,0.13044720574667878,0.015208718029678376,0.01196165768351834,0.01171539696657441,0.2629546244100958
415.0,0.14957842728339865,0.13418921770348433,0.015199507732609134,0.015372082430748312,0.009695869707332444,0.2606076639339312
416.0,0.15220967672927693,0.1379354792920273,0.015199425070904408,0.014793261399837731,0.009334759969870184,0.26056871375117663
417.0,0.15474185593699016,0.1416396663578284,0.015199425055252663,0.009861906148493936,0.014947317647478545,0.2616359488337363
418.0,0.1572425887167695,0.1453500337572037,0.015199425056762613,0.013250189424981483,0.00516645684362997,0.26112290781464237
419.0,0.15953293623029327,0.1488213589666337,0.015199425052383829,0.01387970153477998,0.006525394824510935,0.2608355174132026
420.0,0.16179038539437818,0.15206664143304,0.01519942515669656,0.01119318747086339,0.007951536835823638,0.25912080136186855
421.0,0.16417621362266205,0.15495651094503904,0.015199427193101077,0.006337412903658158,0.010462489700544362,0.25956961471344997
422.0,0.16626421582936984,0.15791482229544934,0.015199427935135313,0.007848745084968826,0.012659298163290006,0.261754345299569
423.0,0.16818725720407776,0.16077712976209452,0.015199428110529305,0.0069779083787574825,0.0167317094921245,0.26010740612520894
424.0,0.17008124196863753,0.16340834004844107,0.015199425859816656,0.009300182245104155,0.017996306776992734,0.25815701724663603
425.0,0.17198544783923203,0.16593012575707478,0.015199425171309393,0.0066923873339756286,0.00784731183918225,0.26131261001396794
426.0,0.17387623861221757,0.16826231400987943,0.015199425172366917,0.008861302807957033,0.010368220617762816,0.25996280402638366
427.0,0.17556008485479502,0.16995004964349952,0.015199425172266488,0.007293430085927495,0.006231581986728496,0.25980297729286594
428.0,0.1774150608325136,0.1718929848350386,0.015199425171491867,0.007913536185356247,0.007297018347364657,0.26033430604842245
429.0,0.17987206249507992,0.17431902601115254,0.015199425168874599,0.006832562264129341,0.015966125263507238,0.2618329736001447
430.0,0.18099038792893546,0.17598309820601898,0.015199425168809483,0.007607525793464818,0.012675645934026305,0.26040621434124256
431.0,0.18235068603298757,0.17749020993888323,0.015199425168991114,0.009012067757487129,0.008408968604978103,0.2602853212237979
432.0,0.18419375466520124,0.1790324541319184,0.015199425169261222,0.0074121908472472055,0.007968148556886642,0.2614621735509617
433.0,0.1858616710687856,0.18011681559855272,0.015199425169520372,0.0068936951222270774,0.013674088996704073,0.26057812175736283
434.0,0.18741215456004393,0.1811342154439633,0.015199425171556901,0.004603459066996576,0.00931190307875809,0.25905853199931184
435.0,0.18885858418587537,0.18253671614497785,0.015199425183853907,0.005078763396124361,0.006829057665047517,0.2595657654601073
436.0,0.1902502375553309,0.18358859928576893,0.015199425129398259,0.007016384471451351,0.01461997871644701,0.2601252704709077
437.0,0.1915489460828781,0.18447910243570123,0.015199425049056131,0.006404658982027998,0.01754549762412182,0.2596649099143541
438.0,0.19296325989983162,0.1852066763129752,0.015199425114283283,0.0064907362965497175,0.008487677867542938,0.2603231859957987
439.0,0.19418964302673847,0.18591826358843974,0.01519942511046708,0.00771927239397692,0.0056293777835518715,0.2613581321819099
440.0,0.19525017635666125,0.18659329427948004,0.015199425066108663,0.006532152893996217,0.015600898635856288,0.260620333557896
441.0,0.1962135895688296,0.187191930911725,0.015199425055524917,0.003676524577727227,0.012109431883911975,0.2612839757959574
442.0,0.19718554108547415,0.18776398475667233,0.015199425053030215,0.006956369593497379,0.008157164050305107,0.2619028737302118
443.0,0.1981870929001968,0.1883217095611727,0.015199425052953306,0.004873438641455188,0.008921606891889004,0.26175626751771325
444.0,0.19902754019733437,0.1889226249769771,0.015199425052940205,0.005596249694870813,0.015771815678524884,0.26176976591962237
445.0,0.19986463513283675,0.18941369106612693,0.015199425052935455,0.0043364710179645575,0.0112653081900353,0.2627891035616651
446.0,0.20079144792170675,0.18962635489422744,0.015199425052933693,0.003701404588948026,0.011252862084303572,0.2634693786390893
447.0,0.20113687837958757,0.18999356044070717,0.015199425051187189,0.005179922661185724,0.016186613300847162,0.2637481171728302
448.0,0.20154184372964454,0.1903799658087686,0.015199425049440302,0.005089442497622661,0.00784942349789492,0.2651085615654921
449.0,0.20276847702382866,0.19079069899144108,0.015199425049436626,0.004341914904254663,0.011089888871541735,0.264302720270763
450.0,0.20369122682589233,0.19106713336245457,0.015199425049433255,0.004705190126858305,0.015624941352019573,0.26454286478192685
451.0,0.20436743069197277,0.19132999214749608,0.015199425049430343,0.004065063192255139,0.010291198403637958,0.2667907603909432
452.0,0.20460970153976768,0.19180696791526672,0.015199425049428505,0.00357205931125269,0.010384800247961118,0.2659715297716921
453.0,0.20502270421678054,0.19214889168095295,0.015199425049427891,0.0029034596707937814,0.01179139041841337,0.26690773072933976
454.0,0.20547897615883084,0.19241558120063393,0.015199425049427662,0.0036278165844668073,0.013908429886768792,0.2685718310167414
455.0,0.20617861859153588,0.19369020643843454,0.01519942504942751,0.003766182329193872,0.011456488015000776,0.26924205237876786
456.0,0.20665456808333466,0.19400437337449006,0.01519942504942797,0.003467267543669584,0.013573361707601404,0.2700118864438386
457.0,0.20688501222787964,0.19341131415183566,0.015199425049428889,0.0029335591129678,0.013774168293933617,0.2715053774340554
458.0,0.20729990142954294,0.19357081528990067,0.015199425049429578,0.0031002229445365554,0.00960291951188282,0.2724234741046298
459.0,0.20754610637581514,0.1937342517270671,0.015199425049430343,0.003592562019749277,0.013131348482379152,0.27354654390455485
460.0,0.20751853194743117,0.19386922622874972,0.015199425049431416,0.003938206896445878,0.011452186715927692,0.2746505005664161
461.0,0.20784301254686913,0.19406873200014996,0.015199425049431645,0.004115016212123639,0.010417549500420991,0.2759694866740501
462.0,0.20817942571334994,0.19423875446691627,0.015199425049431416,0.003441577469894943,0.011132051537303433,0.27747878378844076
463.0,0.20839754125491056,0.19436165920915643,0.01519942504942881,0.0028527819983058035,0.011076883134375074,0.27901013521344675
464.0,0.20845444753479137,0.19441398442306726,0.015199425049427662,0.003173481423183795,0.011495987716312751,0.28044828210328415
465.0,0.20849605135831314,0.19446038289726889,0.015199425049427737,0.0035391167030368303,0.012348706689281086,0.2830320201525723
466.0,0.20863633244446747,0.1945655218046965,0.015199425049427815,0.0036348496027580534,0.010579710536284809,0.2861085698132786
467.0,0.20876532597504413,0.19463562605935006,0.01519942504942797,0.00355415555036933,0.012323571407009234,0.28785520055728653
468.0,0.20890051433669515,0.1946786820261249,0.015199425049428046,0.003665851504073083,0.012490839803388182,0.29017722274964824
469.0,0.2091134114561546,0.1946982493318089,0.015199425049427815,0.003467358855340489,0.01214511776085137,0.2926224025058482
470.0,0.20925656321414887,0.19472705735117468,0.015199425049427586,0.0031424424915998256,0.011003243879668468,0.295754564855317
471.0,0.2093394636464621,0.19477121007390466,0.015199425049427586,0.0029646921240171625,0.011304924334368424,0.2982480009337678
472.0,0.20932732240659252,0.19484226003477523,0.015199425049427662,0.002910219991657482,0.011226913392942559,0.30112073981559173
473.0,0.20940841778583524,0.19491003576845622,0.01519942504942797,0.0036924335306041662,0.011886472256553012,0.3052074815428022
474.0,0.20973868908108734,0.19496993620036296,0.01519942504942904,0.003318395474809141,0.011215383925664343,0.30925992942514696
475.0,0.20960767280848555,0.19502224603366416,0.015199425049430802,0.003668206167557207,0.012762624383903645,0.3135223656294826
476.0,0.20950612968833407,0.19505996528412653,0.015199425049433406,0.0033169319675508987,0.012750697547031786,0.31784536032042227
477.0,0.2096284299988478,0.19507372564479403,0.015199425049437774,0.0023197670607371574,0.010389363309001207,0.32140534268030707
478.0,0.20967026237147926,0.19510748690542248,0.015199425051004871,0.004570379404041278,0.013487452861102575,0.32598595367431377
479.0,0.2097042531038516,0.19516093034374454,0.015199425052940514,0.00442248453786947,0.012645587554434392,0.3312272472157753
480.0,0.20982476712697679,0.19520468726721776,0.015199425052958513,0.003040859203453388,0.010758533165091564,0.3363901234009997
481.0,0.2097885835112909,0.19532851000168425,0.015199425053010989,0.0029695695760554126,0.009810290272918683,0.34211287277696795
482.0,0.20968459300020997,0.19547310321801908,0.015199425053345136,0.00371749440932864,0.011645339292881566,0.34798220842689
483.0,0.20973807324385257,0.1954264299966917,0.015199425062625994,0.004197832743526569,0.012426364461268597,0.35359134999524594
484.0,0.20983336623380616,0.19551261553003313,0.015199425064860318,0.0029293548178292257,0.009243464301035011,0.35910459278151874
485.0,0.21002873155845306,0.19565750999139025,0.015199425064936078,0.0033542603696090217,0.011264263785950966,0.3658059243953538
486.0,0.2098271179826901,0.19572061374779195,0.015199425056490593,0.003008909406405347,0.010873513611914314,0.3722227171211541
487.0,0.2097364252220037,0.19574230849444652,0.01519942505332522,0.0030392558505456762,0.011014289058013056,0.3789942212848812
488.0,0.20965305046218977,0.19573898244709412,0.015199425053182124,0.002881468589940629,0.011280813207730087,0.3870425530295157
489.0,0.20973230205268772,0.19572845784265186,0.015199425053071047,0.002723015728694081,0.009689502291905072,0.39397607277744995
490.0,0.20974215914024563,0.19572523450328685,0.01519942505299628,0.003453443577042333,0.010763232833233634,0.4013553529010117
491.0,0.2095754429397982,0.19573689676294279,0.015199425052948632,0.0044250650568036206,0.012215242841079416,0.4091863799019911
492.0,0.20967226625987406,0.1957211426543566,0.015199425052939593,0.0029746767187792825,0.010806141566871126,0.4161429536591012
493.0,0.20974584875433203,0.19565382083284394,0.015199425052595946,0.003482812727638857,0.011535782247845948,0.42415510133143336
494.0,0.20955045085715915,0.1954313561711834,0.015199425049768322,0.003627647428220244,0.011181216151838817,0.4325172790651869
495.0,0.2094597984899443,0.19556499630189703,0.015199425049441297,0.0032557192809101083,0.007668576078902295,0.4408210395339933
496.0,0.2094829118687164,0.1957803465855961,0.015199425049440149,0.0043844780125159325,0.012268430241057404,0.4482335212431493
497.0,0.20948963710420815,0.19559222199825757,0.015199425049438615,0.0027290754432628163,0.010664848482926923,0.4567062075344167
498.0,0.20933684209596726,0.1954454601885076,0.015199425049438386,0.002844192296012785,0.010059859970243374,0.465692181445059
499.0,0.20894691162506196,0.19537001512692903,0.01519942504948481,0.003176433912986094,0.01070540325439107,0.4743610305803276
500.0,0.20875761480605315,0.19536602667476044,0.015199425052101158,0.0030647083740814496,0.010838157916301485,0.48317102399879397
501.0,0.2087305526432749,0.19536720847410755,0.015199425052966328,0.0025272900968285735,0.00951861712675979,0.49224436307559505
502.0,0.20874270125211272,0.19537849201074717,0.015199425053022709,0.002763378697303404,0.009272597030717603,0.5014221474051602
503.0,0.2086838867583554,0.19548043341355598,0.015199425053154927,0.0040615122800304404,0.011811673262603893,0.5096627836841642
504.0,0.20862274796658264,0.19551460259548067,0.015199425055518712,0.0029245964439608848,0.010477237577339463,0.5182243789420311
505.0,0.20857529545965764,0.1954657316998112,0.015199425065671252,0.0025738671808857648,0.00968884592502379,0.5276845841532123
506.0,0.20847233811014967,0.19547128470487315,0.015199425068870178,0.003533697441165604,0.011030069661511935,0.536707553455804
507.0,0.20839039255047068,0.19547745233465813,0.015199425067623284,0.0028076990576097983,0.00999154656404253,0.5451498452286535
508.0,0.20835998664465463,0.19547468771586393,0.015199425048972018,0.002816546251267961,0.009924335997440378,0.5538484610291666
509.0,0.20830960676873925,0.19548719007868606,0.015199425096857688,0.0032204584160483497,0.010253258074173937,0.5631626069402152
510.0,0.20823480457387333,0.19549325287993044,0.015199425371580451,0.0021111049489287975,0.00847050950399943,0.572431699874749
511.0,0.20812800954848076,0.19537069362697942,0.015199428664921492,0.002400150467538857,0.009267824439434474,0.5807985329581469
512.0,0.2080146850844354,0.1953072321247758,0.015199428018802457,0.0035308292210571384,0.010316874026312583,0.5895910378914506
513.0,0.20790404911764196,0.19526015963435608,0.01519942660557448,0.003874634550643559,0.010587142704253599,0.5986898497436652
514.0,0.2078260459795756,0.19522568139136373,0.015199425311879086,0.003059968213047214,0.009874249114983835,0.607077997683479
515.0,0.20777170855472388,0.195194472370602,0.01519942685368563,0.002583529380992332,0.009552940267437453,0.615663646440209
516.0,0.207741045934736,0.1951780348975777,0.01520220449643401,0.0029353651349697195,0.009956049470025225,0.6243323490548414
517.0,0.20777502629859737,0.19515997905438126,0.015432580405765594,0.003966135112426846,0.01085285284109581,0.6325641641974468
518.0,0.20767519342384871,0.19510366026753287,0.01572009408010196,0.0022340495576488794,0.008945618487638045,0.6411093232648728
519.0,0.20750124684215226,0.19498250204326062,0.015987536332132034,0.00328486179494223,0.009837991189807388,0.6494576880293607
520.0,0.2074242253122909,0.19487677051534713,0.01623873828453283,0.003345490906180979,0.009794782333559042,0.6579474558238212
521.0,0.20731570023786172,0.19478254316331362,0.016465950198459107,0.002413619554180922,0.00877013692701441,0.6664346150810074
522.0,0.20712338706582065,0.19470173088447482,0.017053233013601454,0.002154685586278846,0.008504092189640954,0.6740711870381453
523.0,0.20704381218223303,0.19463489832325984,0.01763235829967435,0.001961618197981807,0.008099345528811782,0.6818600157961655
524.0,0.2069598007383133,0.19454682098436563,0.01825537116025076,0.0026817671945934003,0.009155719602069382,0.6893736842627616
525.0,0.20685142772297688,0.19435525737032222,0.018933913253380542,0.00387888425160933,0.010327707272283297,0.696787018391168
526.0,0.20675915759200164,0.19439068169210041,0.019646568698681952,0.0023997364845436517,0.00879781444121887,0.7050917570299557
527.0,0.2066013056775446,0.194417526142062,0.020416036339220095,0.0023740741159885203,0.00877134846943456,0.7133798813476014
528.0,0.20619702149050734,0.19430326011570118,0.021270595043374647,0.002716570676273006,0.009117100897569359,0.7205462685610046
529.0,0.20607927493629924,0.19418983966368558,0.022147262678116574,0.003605010075122027,0.009934522033532761,0.7270053788348353
530.0,0.20598595186801058,0.19408156432960144,0.022987243602914362,0.0036241000971470663,0.009849756781985484,0.7340827166584192
531.0,0.20582931821322378,0.19398558214234282,0.02384497443548358,0.003361369855692592,0.00954520325870835,0.7412633649787153
532.0,0.20963697973804274,0.19898210183317813,0.01672036620551295,0.002838781658669851,0.009112519673246366,0.7485780532645665
533.0,0.2067270929991448,0.19376132519006423,0.02594582067596733,0.0026135038482379643,0.008825659360462573,0.7557265500759448
534.0,0.2065386514219519,0.19366165008873953,0.026793191099830065,0.0032735208382379264,0.009254711248892036,0.762398198975753
535.0,0.20622541644285916,0.1935616731091846,0.027685215790595217,0.0031841138863164314,0.009200297816432704,0.7692826854730648
536.0,0.20585674851695554,0.19345748530243914,0.02874917802557717,0.0035013849303885455,0.009740389183139972,0.7755994024255755
537.0,0.20573286092832363,0.19339724196075156,0.02991420211568303,0.0033644731777493215,0.009546568534402201,0.7823200467927289
538.0,0.20562392101327315,0.19331354923889707,0.031041245151423508,0.0034106800536669165,0.00939471463871766,0.7891221858965787
539.0,0.2055237919517112,0.1931939697083749,0.032155344758018636,0.0036566652944097114,0.00949582711550689,0.7952824460484386
540.0,0.2054133428059957,0.19309828154065772,0.033408086143795396,0.003060190648091566,0.009004996460964169,0.801314474886028
541.0,0.20529736806226342,0.193215060611426,0.03454835065298315,0.003504920994875102,0.009429518434764058,0.8075727021033353
542.0,0.20518247961596708,0.194043082830108,0.03550117934447432,0.002999279071087831,0.00868513961715807,0.8136114047515235
543.0,0.20503021926100135,0.19409629168044815,0.03705327521749704,0.002074395060202489,0.007632605906597821,0.8200170322344719
544.0,0.20489719305432086,0.19391426344582316,0.03854209185391333,0.003187448879903856,0.008586927001871863,0.8260413523550776
545.0,0.20487178927012273,0.19293974652768073,0.03976607541859986,0.004101475548623482,0.009483727139428558,0.8319122250489795
546.0,0.20476012276337383,0.19282032012108768,0.04083356077567074,0.0037512699602818235,0.009343313874057445,0.8375404587453925
547.0,0.2046439587050321,0.19275533480579854,0.04199112232478016,0.002935499649986324,0.008640462286085686,0.842977693630108
548.0,0.20453456367861841,0.19262537002788652,0.043642184738106084,0.0030282755758641003,0.008714461153973663,0.8488746756366856
549.0,0.2044046140725175,0.19253203004233738,0.045005405070187535,0.0031522666023782015,0.008758154665185843,0.8549257271466943
550.0,0.20423208022341321,0.19245668180703845,0.04631942677681437,0.0035354227701413997,0.008937809613513164,0.8607274284864955
551.0,0.20385148122094332,0.1924330934444617,0.04786281926456319,0.002891277322858882,0.008435887794524284,0.8665870220871995
552.0,0.2036875336947684,0.19213267398637285,0.048959816220176706,0.003404719797976158,0.008876695966547313,0.8716650018812679
553.0,0.20362577045493263,0.19170144922286977,0.04956097270437437,0.0035075402423940497,0.008838764872521688,0.8769927258194092
554.0,0.2038703789318373,0.1919518960657134,0.047228586012662714,0.0029283859476757984,0.008247893106720352,0.8822856303102228
555.0,0.20395578541347656,0.19200446177298633,0.04677357052344231,0.0032859505626072452,0.008650471895314071,0.8880519330139521
556.0,0.2038802569534738,0.19187074644867963,0.04833561078844345,0.003062203763183672,0.008547606498341617,0.8942454110721625
557.0,0.20370648452009074,0.19167590087999892,0.049776265562967686,0.003022280484296699,0.008591863391317716,0.8992506516270095
558.0,0.20350237445940622,0.19150234241309363,0.05101837144967986,0.0035933221191594062,0.00880682300714592,0.9040725701081554
559.0,0.20329042433151867,0.1914220633783012,0.052200776521699424,0.003356040165914425,0.00820177468951426,0.9092548219866103
560.0,0.20312041978070253,0.19132703970114495,0.05757794403914415,0.0031186364551984234,0.0080538742110342,0.914653134003289
561.0,0.2030015362045018,0.1912488973494594,0.05902747153479172,0.0033663960124586207,0.008323130630478424,0.9201343271460241
562.0,0.20291806696694387,0.19116203592952555,0.05593621119192294,0.0033384450885807844,0.008267581965187693,0.9253625841760039
563.0,0.20293490608540932,0.19108557499409454,0.05674763886880584,0.003578194664796025,0.008607658049312041,0.9304512808860479
564.0,0.20293711443176057,0.19100140112651753,0.058091226518751975,0.0033578380141446127,0.00833725409083081,0.9349350737238968
565.0,0.20286170111576277,0.1908997715280393,0.05934498971144531,0.0029289103879135653,0.007885560403469523,0.9380303561784176
566.0,0.20278890970211397,0.19078345985271852,0.06045267578589272,0.003348927694905971,0.008269553470684508,0.9405975302528956
567.0,0.20269034906779673,0.1906815126645762,0.06135028398010915,0.0029934699630421125,0.00789663367462568,0.9444820119582706
568.0,0.20249806061338355,0.19060739368440652,0.0620436049143818,0.003020018414373135,0.007913790539428202,0.9501156113077331
569.0,0.20238359881050982,0.1904998734487161,0.0633504572033924,0.003606589573282295,0.008519307832462407,0.9552910457418436
570.0,0.2022859132985362,0.19037620148014178,0.06502927885513542,0.0034836495028167085,0.008201048043919851,0.9594964103296
571.0,0.2021657897429736,0.19026484504742913,0.06633360394088174,0.0032692251940082484,0.007899749171840715,0.9633982767819238
572.0,0.2020748991693206,0.1901585400725205,0.06735478429872606,0.0031791718931676112,0.00794080260228449,0.9671291257364935
573.0,0.20215740268114976,0.1900604816609049,0.06833711751125754,0.0034639974825195633,0.008157576736881243,0.9711949773206844
574.0,0.20569510623945628,0.18996392523843025,0.07000990709954347,0.0032523291216022313,0.007919506312487518,0.9757242712821853
575.0,0.20516830188332108,0.1898838110998968,0.07084979464066576,0.0033609619020991415,0.007897699270110758,0.9795605049396185
576.0,0.20236709013586868,0.18981480586230992,0.07106339327520972,0.003251307619153075,0.007868718951287925,0.9816859942930697
577.0,0.20217882086690547,0.18974257824333596,0.0716694903723986,0.003667655929633404,0.008172597563609834,0.9837476727067498
578.0,0.20181367409659623,0.18966395260671737,0.07269937455197169,0.003282402353008026,0.007672364247680585,0.9866888616859545
579.0,0.20125412959806427,0.18957615000121092,0.07420038987478136,0.0030403791360351035,0.007441026631901323,0.989007489469244
580.0,0.20113324600192525,0.18947968092872594,0.07527265213153442,0.003592394819170206,0.008093530099410294,0.9916710277357182
581.0,0.20097533516200664,0.18937395625271983,0.07619159413954273,0.0036210065999226367,0.008183590990563611,0.9950318846562123
582.0,0.20081401666633078,0.18922460895045906,0.07699126332206718,0.003396280604145063,0.007789011812953557,0.9990145289587835
583.0,0.20079315346728338,0.18802901340214104,0.0778988764515878,0.0034047314085299857,0.0077483389908965744,1.0023335535702165
584.0,0.20075630720862817,0.18775850779893366,0.07880759162879857,0.003210119185542058,0.0076835506407901015,1.0053385500543217
585.0,0.20061620373913938,0.188871848614696,0.07972931951224416,0.0032059048817724553,0.007637102974819113,1.0087310619565897
586.0,0.20036895839974975,0.18888140715683183,0.08068101603714986,0.0032411032419617895,0.00742241905205019,1.0126113972712822
587.0,0.200205832013668,0.18877208926056452,0.08163077592049284,0.003018830674143422,0.007290787406019322,1.0160832999448772
588.0,0.20008451963605994,0.18862853303353247,0.0825511244866727,0.0035540803404677133,0.007792544792054784,1.0197583435099409
589.0,0.20018303012019603,0.18850323180205653,0.08341966544142555,0.0035883252121643215,0.007802564642336369,1.023439838442656
590.0,0.20021375558856302,0.18835487077928434,0.08409982558101008,0.003340775714486095,0.007518014335722638,1.0277855960279305
591.0,0.1999544723161277,0.18810602653716765,0.08460663215129965,0.0033215514994099434,0.007473899537948713,1.0312249434842853
592.0,0.1997743115820374,0.18804817404138044,0.08530030571021235,0.0031839026876095966,0.007336223076423415,1.0332426574872169
593.0,0.19965978122047268,0.1880029708652305,0.08624449464513699,0.003191831447712732,0.007332955371806428,1.0345210398623286
594.0,0.19962663952353196,0.187898049375021,0.08747566063682705,0.003471732445916822,0.007526071789716234,1.0364846313448162
595.0,0.19949860708806993,0.1878077260215692,0.09008533112606028,0.003140152794712252,0.007182329560879344,1.039611075441834
596.0,0.1993033819194939,0.18772745198154725,0.09214279385768331,0.0035504498272355377,0.007590555066918828,1.0440360766595465
597.0,0.19915152337521927,0.18769273009366597,0.09062274774120561,0.003458989682140385,0.0074779675267331305,1.0479141167164476
598.0,0.19908936673456804,0.18759091195892552,0.09035835024946696,0.0033261734981337183,0.007310017532977662,1.0512517490647564
599.0,0.1990400978146224,0.18748677740199593,0.09095209296541339,0.0035266284952483336,0.007419460614381534,1.0530423943152893
600.0,0.19888976008649695,0.18743351150938967,0.09186494298252186,0.0033624272632685887,0.007355315963833403,1.0537150989779829
601.0,0.1987285862883644,0.1873707297220955,0.09315732509186694,0.00312887726482707,0.007123344498614306,1.055192845992175
602.0,0.19857547185138108,0.1872971879359574,0.09452288397760944,0.003171220815163053,0.00706932770578709,1.058437599085143
603.0,0.19847583257985846,0.18720025198183274,0.09379527894611323,0.003115463876002532,0.006944151545889681,1.0627665365563552
604.0,0.19838189551090865,0.18711162476494989,0.09449640249570575,0.003239950863782816,0.007090199029710702,1.0680789773913468
605.0,0.19828432310737254,0.1870320051694789,0.0956304960612457,0.0034300223400688984,0.007275038762600443,1.0729324751727947
606.0,0.19816180588675197,0.18697181284600561,0.09636641339350219,0.003582426549513419,0.007395041367393411,1.0753721594998136
607.0,0.19806172154232665,0.18669791329197472,0.09707014308809307,0.0036671276075658497,0.007464337231150055,1.0763926461340578
608.0,0.19797667636398428,0.18628027537909383,0.09775229750204305,0.0033422581356862937,0.007144741214311585,1.0769303357348614
609.0,0.1978854171508064,0.18651095550796049,0.09813050090365087,0.0034410730192927586,0.0071261788849526055,1.0776148685403495
610.0,0.1977737068435811,0.18657834294668674,0.10022767864644547,0.0035663994963399206,0.007228865701694578,1.0799545838131082
611.0,0.1976468128637598,0.18646588030328598,0.10434151920169173,0.003268069575023179,0.007008137978937734,1.0837033073128801
612.0,0.19757099788985663,0.18591603289307568,0.10217476709600938,0.0033420829949743734,0.007007469170690044,1.0887193742798769
613.0,0.1974816390519068,0.18583707932903062,0.10120464291230695,0.0036304686204341186,0.007174352366414675,1.092888137234961
614.0,0.19736819456182014,0.18612503523608326,0.10189945097511248,0.003603273779183953,0.0070822274044517975,1.096319294228139
615.0,0.19725403818667714,0.18608934334983485,0.10258098135207296,0.003534834629458661,0.00705025033601337,1.0981205492827706
616.0,0.19713619452347203,0.18599823484087574,0.10326493768920803,0.0034272751348166323,0.006990710208221639,1.0983205958069406
617.0,0.19701787465320056,0.18589691716941725,0.1039363471283457,0.00334000174205354,0.006848866116282401,1.0983108272410045
618.0,0.19680689080380306,0.1858163304465973,0.10472689318830639,0.0033599018104005516,0.0068004203478653664,1.0989304648746712
619.0,0.19668155652266378,0.18570875054102645,0.1054291119454967,0.0033506825136730488,0.006710160034448496,1.1011597027516278
620.0,0.19684166711255305,0.18550978954926578,0.10595620434972361,0.003229310912426404,0.0066324367526158215,1.1066030450941058
621.0,0.19653197517057333,0.18521913855058209,0.10663451279798694,0.0034058846589992476,0.006859298438021745,1.1118997086602498
622.0,0.19630550762261292,0.18500806811535397,0.10727134177109787,0.0033958428241640786,0.006796141052746403,1.116280166215356
623.0,0.1961894327934313,0.18488380046096248,0.10784534293159205,0.00359765287192768,0.0069282245130590035,1.1177728330087329
624.0,0.19610900876588513,0.1851014133429728,0.10851083865794392,0.0034708950873623442,0.0067635702777923655,1.118063430605831
625.0,0.196014467215971,0.18529537514417196,0.10922160659726306,0.003286123663119129,0.006508458038682575,1.1171280275897544
626.0,0.195855061757446,0.18496793178900697,0.10990437190985305,0.0033445521036221796,0.006502865083177299,1.1179780992407624
627.0,0.1957301821709826,0.18481241217723252,0.11046457025683681,0.0032769396099388125,0.006524864991616671,1.1193001932348992
628.0,0.1956156283667012,0.184682127734115,0.1109554987997538,0.0032374652724760904,0.006492683224266967,1.1231685810265595
629.0,0.19550718225203262,0.18459683653594192,0.11141750673782819,0.003334520235160576,0.006579088155240421,1.1273856939018596
630.0,0.1953711628372041,0.18449100939652843,0.11203019235353415,0.003194010886352419,0.006392604752193685,1.1325589037719155
631.0,0.1952337211882166,0.18436518441553323,0.11266076771980116,0.003437896013083669,0.006475702428834043,1.1359845215829651
632.0,0.195123541895281,0.1842369315166077,0.1132606534621939,0.003410663104652934,0.006377173006752148,1.1373179482760845
633.0,0.19830663747481117,0.18925037961702598,0.10833269432476622,0.003364539902075984,0.0063829782360720925,1.1371943688103392
634.0,0.19486688064119054,0.1840489425498975,0.114153987097948,0.0032778455159327992,0.006313712536053097,1.134690760790186
635.0,0.19478872503202221,0.1839826525442478,0.11497685754947545,0.0033727072152054767,0.006421120362453636,1.1352242246693864
636.0,0.19468840732086895,0.18391772996416522,0.11553531040594432,0.003360994508905958,0.0063741650938772265,1.1381004637542524
637.0,0.19457287191456352,0.18382557454821472,0.11603407137470231,0.003371582675073829,0.006363595970233327,1.141384956798019
638.0,0.19446376629995546,0.18358655749561523,0.1164678346305092,0.0035346137634152766,0.006457121737954564,1.1465302272523221
639.0,0.19430448160701783,0.18362611294327288,0.11678972488646704,0.0035402580067266255,0.006441601395398592,1.1505946356150496
640.0,0.19413171581955896,0.18373178837935042,0.11719659295196978,0.0033324417459736594,0.006218295861016135,1.153387142622361
641.0,0.19394242363342165,0.1835346579250716,0.11803502061276255,0.0032420018109554556,0.006144468024665844,1.1546391223242132
642.0,0.19371360108184313,0.1833746460893139,0.11861420455713469,0.003243463276117088,0.006085875091915159,1.1538409023969005
643.0,0.19353039327760585,0.18320172278160007,0.1191133021420471,0.003214079480310018,0.006001079634896821,1.1524743325664593
644.0,0.19379549815563454,0.18290454931248695,0.11950466827292654,0.003387286856201457,0.006205771314214605,1.152192976696648
645.0,0.1937009460998716,0.18290476106334017,0.12002987686805863,0.0034694359496711684,0.006200886613627663,1.1536448555784187
646.0,0.1935019250490706,0.1829508171726578,0.12056999949156233,0.0033494610098581622,0.006111652191567951,1.1569993336557591
647.0,0.19322642513749416,0.1827909497450661,0.1209651420938239,0.003348365600243258,0.006170057081493148,1.1622649223606005
648.0,0.19313680133817804,0.18256694516567273,0.12143110430429098,0.0034129062725576404,0.0061628625873690925,1.1665782918133376
649.0,0.1930570861940386,0.1823812470340883,0.12186430980436366,0.0032578841514613105,0.006016632949332491,1.168680361352388
650.0,0.19291775487467233,0.1823413757201592,0.12186576853342038,0.0033450624493485625,0.006066133450094941,1.1698689103457258
651.0,0.19248300285087847,0.18215948908404486,0.12246404540657924,0.003374584975637743,0.005999951344056531,1.169509226342788
652.0,0.19214604871787005,0.18195647812761465,0.1231781762756642,0.0032126966872679146,0.005838371766175831,1.1687050569624262
653.0,0.19222654733506772,0.18197282595617842,0.12327537850478841,0.00327064482017086,0.005820618064397013,1.1683821970109105
654.0,0.19227491022989499,0.1818905919937437,0.12371238566923991,0.0033373834343742186,0.005878959550471951,1.1688206424659855
655.0,0.19226249519175373,0.18175142507350225,0.12427612662840538,0.0033394493176511384,0.0058617543532480335,1.1699826729679652
656.0,0.19192904308927256,0.18155252472851957,0.12450407221756415,0.003480943978640261,0.006037002154012053,1.174297840984884
657.0,0.19166073801929817,0.18138027270090837,0.12490289566986379,0.0031703962022827693,0.005794958972999468,1.1786615258435686
658.0,0.19148828922389374,0.1812238859150014,0.1253488726653785,0.0032802471950424696,0.0059029302858034545,1.1825492434311318
659.0,0.19144297934627058,0.18090050876018304,0.12580563247559765,0.0033872464626778947,0.005888677964136463,1.1841583793517463
660.0,0.19133518415852924,0.18099329560386254,0.1259070132180218,0.0032013615096227305,0.005698252020312561,1.1852032401860442
661.0,0.19114981626771305,0.18133561286786337,0.1259342007869735,0.0032458713343046655,0.005743816653025792,1.1842575522831191
662.0,0.1909146510621918,0.18118390830605546,0.12669989312855048,0.0033002802839433108,0.005831982099920584,1.1830822322036427
663.0,0.190836195890027,0.18090975328894526,0.12727505788385607,0.003177127567909657,0.005694459113206662,1.182557446318597
664.0,0.19089601513470714,0.18059485565342984,0.12765089201482277,0.003244117362681854,0.0056755884671067,1.1832391581043955
665.0,0.1905721983527728,0.1803880728348366,0.12782591217381054,0.0033193746445377348,0.005676896991605497,1.1851622029329625
666.0,0.1903989912461048,0.18033777989871513,0.1282105978089749,0.0033348042708941203,0.005616790179544846,1.1886107877349998
667.0,0.1902433070156191,0.18027585198254273,0.12872865674169798,0.003304771273512167,0.005608263040290097,1.191341365385887
668.0,0.19008671122537799,0.1799406688272907,0.12903273593207773,0.0031451488459133575,0.005467901327790604,1.1951242175381438
669.0,0.18988756301443427,0.17980065343154505,0.12938929685261738,0.0032734263176368017,0.005592966349988549,1.1974395915945562
670.0,0.1896661475915082,0.17973648423362965,0.12977370892715245,0.003160638982940969,0.005494212574792273,1.1990301784603425
671.0,0.18952574891373816,0.17965570799107836,0.13006715292295973,0.0034213452329729254,0.005607833875848794,1.1980691059594424
672.0,0.18935751543091656,0.17960943220998832,0.13046951616985727,0.003628230669739746,0.005730436817344213,1.1965351174335923
673.0,0.1891820866328387,0.17954206460586747,0.1308910401831677,0.003306497399825704,0.0054766556490848765,1.1947738232933642
674.0,0.18902724347092326,0.17937866053967294,0.13107425569214332,0.003146953421030909,0.005303289322680295,1.1952166606348744
675.0,0.1888602708760473,0.17923751425423887,0.13133292105714509,0.0033497962838919264,0.005490366457693549,1.196986048254852
676.0,0.18868852652209347,0.1791047757862871,0.13164622159156059,0.003148519667048231,0.005300737314630069,1.1994306906007928
677.0,0.18884664615804322,0.17894684088866283,0.1319248593450138,0.003184058319343891,0.005383552014397601,1.2025028644959954
678.0,0.18859348955526944,0.17877935674726989,0.1321572278981366,0.0034711837180961993,0.005554327409491212,1.2064238171929653
679.0,0.18829103258475494,0.17860856624491714,0.1324047714904143,0.003267595028921543,0.005298071531687199,1.208839659518429
680.0,0.18816407977153107,0.1784663769687781,0.13277063044535486,0.003451735739462967,0.005498454437378495,1.2093496349251946
681.0,0.1878588205061642,0.17812975285203558,0.13333068658983446,0.0034361244190425607,0.0054380097578596905,1.2093325037671698
682.0,0.18755307695644122,0.17789599615951596,0.13373655412744084,0.003049742851367697,0.005055549716078419,1.2102611097694
683.0,0.18770749436719325,0.17794256542273473,0.1338093245290526,0.0033371624381209747,0.005292653870231886,1.208760036970964
684.0,0.187510038275029,0.17787979442508264,0.13403854879307056,0.003320109754106941,0.005272793811457539,1.207320231359824
685.0,0.1872463694093634,0.17771171963700477,0.1344168985752406,0.0032176772993601954,0.005227988481295166,1.206699480893306
686.0,0.18714177096573756,0.1775486366863343,0.13471777082837016,0.003383611562941562,0.005402131922300294,1.2075701354220416
687.0,0.1869750601194404,0.17737393314763622,0.13516297583571402,0.0031474860549819236,0.005127048397450684,1.211021928900324
688.0,0.18677837768195926,0.17718234728881624,0.13566597015695336,0.0032149625789394043,0.005154584227266668,1.214085710069936
689.0,0.18650631900356474,0.17700678998701425,0.1360926047180499,0.003369066740643219,0.005275526544956694,1.2168747282789965
690.0,0.18624482670297218,0.17685755716898505,0.13645768586806492,0.003272337053890138,0.005153886944578164,1.2193937096214267
691.0,0.1860610205169511,0.17672399758140273,0.13685716481960428,0.003293410692536795,0.005204001270063478,1.2202292148758558
692.0,0.18612737458447756,0.17659496950506584,0.13705371809207897,0.0032320706125937315,0.0051855693617797365,1.2211637695989868
693.0,0.18598341377589442,0.17645489282305601,0.1389849700077629,0.003272783123408256,0.005170907839889668,1.2208914470948278
694.0,0.18581620356566886,0.17642530197098666,0.14107647066788848,0.0034400191023906982,0.00527934751590397,1.2191830752183483
695.0,0.1856606255790193,0.17663420511308284,0.14182914362845495,0.0032350212873625767,0.004980463645909823,1.2180096506080595
696.0,0.18553447921858796,0.17634681641235184,0.13996572999246334,0.003148204550681591,0.0049061253749382115,1.2159650816990655
697.0,0.18563424137321421,0.17597822180595485,0.1385978964668748,0.0036069789061140885,0.00530109379077472,1.2174519178261356
698.0,0.18703443894199065,0.17585223083383425,0.13971037122047142,0.0033061189930288087,0.0050018835180194714,1.2195871251690942
699.0,0.18593982276334384,0.1757840642906648,0.13935394263425854,0.0033709036890001774,0.00510370098954308,1.2224156703899467
700.0,0.18490732500645823,0.1756816882813632,0.1392370161256214,0.0034028970911636988,0.005083066356481257,1.225946093198371
701.0,0.18475704443753369,0.17537989247072053,0.13951600597392871,0.0030920845362050575,0.0047185720690406064,1.2286556900546435
702.0,0.1844673324106876,0.17534892302666905,0.14032537689123104,0.003316826085935,0.004946011793753777,1.230471698472629
703.0,0.18425904159482331,0.17529039698994467,0.14104443669752678,0.0034599873630708827,0.005050981048517009,1.2322797529432248
704.0,0.18424024568450453,0.17501745275094419,0.1411659893868219,0.003246609885505795,0.004832783547388151,1.2325603569390813
705.0,0.18409479582105176,0.17488649323109515,0.14168273452783284,0.003327283641114107,0.004886983028860704,1.230215403461468
706.0,0.1839342107709574,0.17477547712641886,0.1420434769957313,0.003166575479477436,0.0047534259333161565,1.2284828392272154
707.0,0.18376797116048058,0.17465502256095145,0.1421071450916835,0.0031924575314383084,0.004693143764325931,1.2257142573239024
708.0,0.18358803314344932,0.17448066793246264,0.14235442863305645,0.003314445878676552,0.0049074570734751405,1.22512204654941
709.0,0.1834204534880387,0.17432340202217672,0.14260254605816194,0.0031021609575535456,0.004641788943525834,1.2264772383690845
710.0,0.18327589801988736,0.17421013586047893,0.1428450076639797,0.0033238648926895574,0.0049766964650596116,1.2290855362541833
711.0,0.1830673002416053,0.17406833998759225,0.14503136339576328,0.00342999461209312,0.00501317485091837,1.2323446084634186
712.0,0.1828978220188237,0.17389924335094062,0.14518895109961602,0.0031123486398254153,0.004688719697972162,1.2359445813996217
713.0,0.1827696212597897,0.17371502937596536,0.1432940609045134,0.003202985727018425,0.00477053973743964,1.2381239980712293
714.0,0.18262624938506208,0.1736044264944527,0.14360834587826374,0.0033460568933879123,0.004814614276584912,1.2402550761669726
715.0,0.18249196655992825,0.17343912218860377,0.14410039347507997,0.0032561982588520957,0.004738533044322067,1.2415739646721273
716.0,0.1823587297594783,0.1732267113482143,0.14459515238947207,0.0033061210317246407,0.0048075918499513905,1.24096734917209
717.0,0.18214635559361225,0.1731461717957119,0.14462901677054935,0.003229352481154987,0.004730573297266407,1.2381491234707738
718.0,0.18216413914855928,0.17303113529200606,0.1446811200232836,0.0032915936473699847,0.004700259888513234,1.23561856734766
719.0,0.18234507665279837,0.1728776758578393,0.1447398956480929,0.0034486010892254976,0.004816072291849845,1.233384090533846
720.0,0.18193713205373604,0.17275997964818615,0.1443385592359621,0.0031932636527415214,0.004575815570124455,1.231820342333687
721.0,0.18156240257089493,0.17265772975147087,0.1444810009435455,0.0033253112345635674,0.00473393049426907,1.2334940906406127
722.0,0.18127564024710863,0.17255531683227182,0.14471218828581922,0.0033235943239715133,0.004689405448561281,1.236801250456371
723.0,0.1810358598077564,0.17240994755385716,0.14495465117265083,0.0033195724901083933,0.004651772222285879,1.2403539681143045
724.0,0.1811804301257551,0.17227092770677424,0.145180149202221,0.003516472015763849,0.004817262278321419,1.2447802215129187
725.0,0.1814476556105035,0.17211992939714177,0.14540945613086098,0.0033355063641140608,0.0046136152900602455,1.2484118274878637
726.0,0.1810811753687012,0.17190050589486286,0.14592967325047784,0.003202807867052576,0.004520888618244037,1.250350164818519
727.0,0.18084193982735736,0.17182453614593618,0.14603672342784482,0.0034592050638186534,0.004703525083703144,1.250941825358348
728.0,0.18065012747694742,0.1717145820049865,0.14605502931164085,0.003127016170745741,0.004411096117666451,1.249336559022956
729.0,0.18045822962003255,0.17098931534138126,0.14623459060369548,0.0031548550295000762,0.004403525705977962,1.2447337105796725
730.0,0.18045317174878708,0.17099796974638695,0.1464307736831823,0.003401471828686613,0.004652007482253868,1.240216489075764
731.0,0.18042831566026152,0.1711010458846775,0.1466138722669138,0.003207659772806327,0.0044594612734534965,1.2379401668052787
732.0,0.1802393135264854,0.17120423804299909,0.14678413770889237,0.0033706794906381093,0.0045392936064855924,1.2369654288988827
733.0,0.18007690902956572,0.17120527885683143,0.14690809253973697,0.003400668379611775,0.004564368825023818,1.2380646761709553
734.0,0.1798046013657326,0.17096685129599698,0.14706969746303114,0.003216079604724013,0.004413389685267511,1.240995150670572
735.0,0.1792581869755192,0.1702485961272703,0.14732795086537528,0.0034099118551394574,0.004571671555442135,1.2455209624995385
736.0,0.17907128956137225,0.16996734589690526,0.14750989800475645,0.003347939221808843,0.0044963660949849755,1.249565923738207
737.0,0.17903836909976528,0.16997661902884226,0.1476872370859776,0.0033387506410829495,0.004450683440153775,1.253578582477039
738.0,0.17954926520195247,0.1704009282108844,0.14788036779393224,0.003435884973747553,0.004482349962218888,1.256915871659554
739.0,0.1791597784470463,0.17140404989485322,0.1480775162565962,0.003275258803272165,0.0019899083896933074,1.2584544292335331
740.0,0.1788894613757216,0.17140100790647195,0.14826073915495597,0.003280402376621472,0.004303993737311724,1.257412532632894
741.0,0.1787122193366582,0.17015360687294367,0.14843273974713156,0.003367417237229383,0.0043729177040216245,1.2536996887357506
742.0,0.17866639138409687,0.16992406474901786,0.14862429263681884,0.0032405836763672482,0.004302520397956553,1.2482287651368402
743.0,0.1785324972178314,0.16978345628376693,0.14889659631022423,0.0034568575306515386,0.004475766878036483,1.2422370557338942
744.0,0.17832874850966116,0.1696667174884803,0.14925371760929196,0.00338835108061253,0.004099032929548686,1.2392358132683408
745.0,0.1780559280092412,0.1695810384250263,0.14933905300001785,0.003104692002548545,0.0041446728932652025,1.2398424528386456
746.0,0.177843841036694,0.16944829845657355,0.1490667291003952,0.0033859838308065477,0.004383220238991595,1.2410621824331876
747.0,0.17770887444435568,0.16924824213387615,0.14874879371782881,0.0032343623229861484,0.004239337934217677,1.2447249970741876
748.0,0.17779752224035442,0.16896317973637479,0.14890475695130606,0.0031926544037075995,0.0041987271200957365,1.2500759838733804
749.0,0.17782339678353082,0.16897899458249468,0.14920316921170032,0.003421823706848094,0.004349849953161506,1.2563909764212582
750.0,0.17776286042029937,0.16905485797181327,0.14945348567299305,0.003207650267696158,0.003999102414528944,1.2602339213137876
751.0,0.17760843780381788,0.16872121976473992,0.14949813356090422,0.0033384135511202256,0.004207007070752001,1.2629887251754794
752.0,0.17747729875564727,0.16859439401294035,0.1499086518746842,0.0034543196936984498,0.004315742193597842,1.2640673253727155
753.0,0.17732340530969298,0.16847184384649655,0.15014906487671226,0.00316274161419608,0.0040271513084364,1.2622613681986474
754.0,0.17708518311919275,0.16828180215828198,0.1497680697958839,0.0034340495745166155,0.004204824855555197,1.257312966289715
755.0,0.17690191145132955,0.16818747105292484,0.15026833736902717,0.003465162452348311,0.004297866380164215,1.2515844024425247
756.0,0.17674783926370274,0.16809672378680662,0.15054687941204847,0.0033477908223756674,0.004158894213683289,1.2469060340783202
757.0,0.17662067681442492,0.16798437263383365,0.15053460852138367,0.0033942832060784916,0.004109863474908926,1.2431809271656558
758.0,0.1764417833969144,0.16783574146810196,0.15081969042322563,0.003360065776205668,0.004154981155049525,1.2413452016167088
759.0,0.17608183162852145,0.16768818134525362,0.15080622744339964,0.003430341625417315,0.004133738574556669,1.2431551328116293
760.0,0.17553510656588253,0.16755112690139096,0.15043830780209727,0.003375195626736457,0.004068300512665967,1.247273560888003
761.0,0.1753230810980791,0.16746224718789782,0.1511006347223549,0.0032251712042614036,0.0039938027130942775,1.2514947076058818
762.0,0.17551868831051096,0.16730644341594114,0.15114342490189694,0.003373669168954442,0.004056852214678185,1.2576066199968619
763.0,0.1760716026170986,0.16711865849246038,0.15092109659465586,0.003596674852963152,0.0041937517173646684,1.2650174589962206
764.0,0.1759350400385989,0.1669775259775566,0.15112325550836583,0.003192626517818423,0.003863690128017186,1.2701456811729201
765.0,0.17557388427800708,0.16683082006070626,0.1514105737450435,0.003408261647568223,0.00405800499983359,1.2709128304208772
766.0,0.17518910617314326,0.16668663520350652,0.15155345935425332,0.0033079566281430015,0.003977306598147642,1.2668254098298526
767.0,0.17504928899187452,0.16656444044304375,0.1512131126304042,0.003128674741416361,0.003770592806241495,1.2621788538228167
768.0,0.1749216330936128,0.1663940948261637,0.15149709665637523,0.0035220282632223033,0.004077227292296913,1.256164048544712
769.0,0.1748766935792083,0.16623570289709008,0.15201849435944378,0.00330672120393419,0.003899364320141179,1.2512360206531075
770.0,0.17510448373982407,0.16613380623763815,0.15222187879822602,0.0033279167432533033,0.003908545556510198,1.2467134920863667
771.0,0.17502115760105405,0.1659974111331751,0.15234389887759625,0.003479744306389157,0.004035967853058184,1.2441524056504853
772.0,0.17479545706819574,0.1658723040553078,0.15243967931661323,0.0032721649588024703,0.003839228749183586,1.2449950921953021
773.0,0.17428673605572342,0.16576433388846087,0.15253348563348376,0.0033951520392159107,0.003612782229489259,1.2464292304562836
774.0,0.17415090295189112,0.16562383714796527,0.1526585985818299,0.003449483299199588,0.003968622312499828,1.25073252372857
775.0,0.17402228402805917,0.16547899924416637,0.15247189853347176,0.0031848266250575153,0.0037258668428177236,1.256915114820855
776.0,0.17389086231306655,0.16535089794516783,0.1518531832008827,0.0035417977369486225,0.00404608401761902,1.2638556492235726
777.0,0.17377091800838737,0.16522221025306094,0.15271594983812148,0.0033935794804901584,0.0038760524134124627,1.2706523243220462
778.0,0.17365608226411688,0.1650683926408084,0.15301211432742737,0.003237922485572323,0.0037132582599150505,1.275591641209498
779.0,0.17352362203067345,0.16488604590341605,0.15306511500093856,0.0035392251716462497,0.003966582196961204,1.2758562375105036
780.0,0.17320575249829803,0.1647071474492963,0.15321708053356115,0.0033084712181474314,0.0037582864338441746,1.2712994638724664
781.0,0.17314870531926338,0.16456776560581793,0.1532750687205769,0.003336653176287191,0.003992013954700262,1.264794940852265
782.0,0.17313627031684095,0.1644245136806264,0.15329624777161033,0.003443951080602208,0.0040467393557950745,1.2569104037334757
783.0,0.172981276850823,0.16415366146027918,0.1532531229466876,0.003385250090921358,0.0040272769894334655,1.2513366110553663
784.0,0.17287124517164965,0.16410939555870388,0.15327667162760905,0.003457885865640987,0.004067037857272689,1.2466902776246542
785.0,0.17272911358007056,0.16407099664759847,0.15320380572596148,0.0033598328571997115,0.003925932895213363,1.2446305338077561
786.0,0.1724371890148729,0.16393315503333344,0.1526001909454575,0.0032704507392302446,0.0038041975443478975,1.2449329691448088
787.0,0.17233707786786626,0.16376587821268745,0.15298338418074903,0.003422976757921579,0.003987139552337645,1.2484763144404705
788.0,0.1722270158750849,0.16364161884760012,0.1534363404495954,0.003217062295802026,0.0036985130887053465,1.254092815631494
789.0,0.17209619341475113,0.163522617861065,0.15372725912039045,0.003224802334602689,0.003646922272651954,1.2594035699862496
790.0,0.1719214737054218,0.16301558799904786,0.15388871187371353,0.0035214620548017286,0.0041503922107331,1.2664985417630794
791.0,0.17177128528373675,0.16288651403587734,0.15392447106259577,0.003345578438787954,0.0036845471972815095,1.2733318118762569
792.0,0.17164034518342258,0.16286634502666056,0.15391648402339728,0.0033766999869202464,0.0038872349687044338,1.2776666658290612
793.0,0.17147890976625865,0.16356342738374954,0.15367367471269347,0.003445517254131349,0.00393751502166796,1.2796372119820734
794.0,0.17120578710479437,0.16359212318496846,0.15366825070097637,0.0032878186486350533,0.003784993757280627,1.2780959162352692
795.0,0.17095207325308667,0.1632855950364658,0.1537283854318645,0.003418987504297093,0.003915173139860392,1.2730679603397346
796.0,0.171049098312396,0.1625885054996819,0.1537681548325833,0.0033557547095845537,0.003800462118610391,1.26629417163532
797.0,0.17090573022303124,0.1624406642577919,0.15417969809736926,0.0032418120029882986,0.00367478207811428,1.2569668590724916
798.0,0.1707478662360345,0.16233140431005458,0.15452084112782183,0.003436553483467876,0.0035441795862440947,1.2503443879753016
799.0,0.17060975354765331,0.1621917986968646,0.15460229185104432,0.0033740774132029272,0.003723465601404936,1.2475071550839691
800.0,0.17035758232469578,0.16206597956795554,0.15414339899384347,0.003419589186314436,0.0037889178184742187,1.2468448718013998
801.0,0.17022233909740414,0.1619367061440282,0.1541247841444643,0.0035141389500604565,0.003872879703070453,1.248788093170044
802.0,0.1702025608340612,0.16179620367265077,0.15461893857142883,0.0031726206014748293,0.0034883401987634366,1.2537979407986777
803.0,0.17003817438206004,0.16165531570517291,0.15456269169292444,0.003417238881916128,0.003796729405699471,1.2599389319410497
804.0,0.16989776328160605,0.16152897182324585,0.1547520205046389,0.003658002945835952,0.004026208271164462,1.2666488884635128
805.0,0.16977846058685578,0.1614064291171773,0.15517094239974466,0.003269802478800097,0.003609408672077723,1.27451193784182
806.0,0.16965097501039134,0.16127797680964234,0.15529545786750304,0.0032817074738998634,0.003614580968951945,1.2799505829865587
807.0,0.16945369116782896,0.1611514093946226,0.15543093634027771,0.003416689188178577,0.003723838928908453,1.2832080002301367
808.0,0.16927989115733535,0.1609991334215129,0.15558165433367038,0.003232242470129179,0.0035171412685098997,1.2836256672465511
809.0,0.16928504241227246,0.1607892699525139,0.15573728348082308,0.003404354888772193,0.003650394374710935,1.2818023602533497
810.0,0.1691410263873998,0.16059139345553033,0.15538206627720733,0.0033105432884562185,0.0035558175324535654,1.2773786428383656
811.0,0.1690020363383159,0.16044657610197718,0.15535860553812486,0.0033116950404085683,0.0035662956960761973,1.2708303527341405
812.0,0.1688763754447901,0.16038559046272077,0.15604785462348045,0.00361588196451883,0.003870394141452776,1.2638551457018437
813.0,0.16875605328745913,0.16022471455644252,0.15557526099279945,0.0031554608894699587,0.0034166258750011683,1.2579174069798957
814.0,0.16864987460912564,0.16007341086196486,0.15576338960535707,0.0033734089608697506,0.003566227388025193,1.2529928038957985
815.0,0.16855367624916265,0.15992151442931601,0.15641785463977786,0.003488263762473234,0.003692083002696103,1.249946691543911
816.0,0.16846751075308447,0.1596632298520966,0.15646928810879707,0.003309033512243993,0.0035499589749477985,1.2511491792914182
817.0,0.16833526796836024,0.15935066153372626,0.1566079987285327,0.0035237614965969665,0.003652458812536603,1.2571169361992705
818.0,0.1682109912115418,0.15924554419152834,0.15665646246902779,0.003438588181215089,0.003620431127857681,1.2637531823086925
819.0,0.16813687207160502,0.15967530764001794,0.15638624993011627,0.00332902795326167,0.003478360421772024,1.271560146151091
820.0,0.16803282904712605,0.1596249354976918,0.15681418466290928,0.0036218780145710733,0.0037740526919443017,1.2788097947176311
821.0,0.1679168917485677,0.15939460175883288,0.15705722031868366,0.003417222197411164,0.003431172598715813,1.2864958060789182
822.0,0.16779929133844032,0.15905168308077006,0.15690880364797408,0.0032890979375112123,0.0033222859374061418,1.2909230201879285
823.0,0.16759921838287106,0.15896905370133135,0.156893237651481,0.0034225027957823628,0.0035821386821301344,1.2919877427266335
824.0,0.16750611699169415,0.15888623430124543,0.15716580846633166,0.0031780444253669275,0.003355298243149235,1.28978289229663
825.0,0.16745616267199154,0.15883022295488056,0.15784913494393205,0.003507854539931801,0.0036465458275931465,1.2862802888626854
826.0,0.16732656738092638,0.15892534782877116,0.15815367365979838,0.003487620761667693,0.003559948647197116,1.2810728096940898
827.0,0.16722296792857924,0.15876558571558833,0.1579036895296568,0.003206039782579459,0.003360469561245791,1.2740729878066273
828.0,0.16710097477833558,0.158486772351288,0.157670666045483,0.0035731570678579354,0.0036868850160403288,1.2674184718505446
829.0,0.16688025403497964,0.15837840743299322,0.15810882425108091,0.003395611526526424,0.0034751859895086504,1.2618748819277934
830.0,0.1667921241455709,0.15846858862113125,0.1582716437743286,0.003290767177193193,0.003379367461623932,1.2585409118796274
831.0,0.16672745950930118,0.15842941969046398,0.15830617675281086,0.0035541697230856545,0.00361311272330121,1.2576738619295054
832.0,0.16664765802392165,0.15792434782853093,0.15826541654072454,0.0032906440358176133,0.0033230849291249133,1.2594091452669947
833.0,0.16660790001287265,0.15748097831913205,0.15817213250260698,0.0033585472685786623,0.0034256324723645967,1.2649620529137346
834.0,0.1663004833374075,0.1573226514680134,0.1583217356166908,0.0035061375888021298,0.0035815664728253423,1.2729203334102006
835.0,0.16588820539512678,0.15726062284885897,0.1585698164286378,0.003281663146558755,0.003378066984852067,1.2812021938665255
836.0,0.16582523017664,0.15721470505490667,0.15840568155805868,0.003476211625609997,0.0035330885087398426,1.2898045898840516
837.0,0.16590981810020583,0.15735938199862262,0.15845387865460414,0.0034822708411314193,0.0034746353016817367,1.296767132477445
838.0,0.16598749829651036,0.15750426243858656,0.15851998372468645,0.0032212707072012837,0.003224290724443195,1.3010370718447957
839.0,0.1659652649904476,0.1574422910614179,0.158504256250909,0.0035344300625381173,0.003531394900037281,1.303613871424605
840.0,0.16557178694727628,0.1574121657754096,0.1585401410525114,0.0033327419917286837,0.0033842959897838988,1.301135078811378
841.0,0.16612602403161192,0.1574377383513501,0.15854141972749583,0.0033535727192204913,0.003331422207527018,1.296598750647742
842.0,0.16797603447600426,0.157532407517432,0.1585082928114311,0.0036692943894664222,0.0035878478345403465,1.2913692237151462
843.0,0.16771020255590618,0.15744498033425175,0.15859255960129756,0.0033555214319515967,0.0033447368215260634,1.2862799886192007
844.0,0.1666582412206957,0.1573544197015992,0.1585771011191575,0.003408460347933021,0.003405933288026233,1.2794186987791683
845.0,0.16555546877796992,0.15728035616758632,0.15852523824123557,0.003522016206131211,0.0034647511985544284,1.2733489345666564
846.0,0.1655872099298278,0.15720720765749058,0.1585215239028567,0.003225053020827191,0.0032018845656943333,1.2698127971546993
847.0,0.16542623649357102,0.1572172341591456,0.1585816461303047,0.0035916535998520615,0.0036158041702498453,1.2692144062407236
848.0,0.16525187993533075,0.15712535757995397,0.15859865134653509,0.0035761740774733902,0.0035620317064429326,1.2714204561545
849.0,0.1651360409508521,0.15671096208452817,0.15850740944515898,0.003166154143760534,0.0031748668276119604,1.2755759480931
850.0,0.16506851994394223,0.15678132932158895,0.15853782138189637,0.003441249571820528,0.0034354487174930843,1.2828498052178625
851.0,0.16499647161906922,0.15676786213406604,0.15858239062498888,0.003286581093694996,0.0029894194856101954,1.2911686493681398
852.0,0.16491198121510156,0.1566766833767873,0.15862530895519644,0.003326978735354155,0.003293860856530058,1.2990956691288116
853.0,0.1648276236615391,0.15670740643948922,0.15863225750562943,0.003420054628225221,0.0033854485905147934,1.3069840720376404
854.0,0.16481546428892602,0.15639804201113547,0.1586360732172273,0.003248626905347432,0.003229802488920916,1.3128407713171477
855.0,0.16480689373716564,0.15614757691067305,0.1586387711311068,0.003523768634978127,0.0034562663866291284,1.316665556764308
856.0,0.16475880172544063,0.1562987300492716,0.1586386272477624,0.003609568091472268,0.0035151434002231876,1.3184243825278088
857.0,0.16469627053486963,0.1561041610308935,0.15862449737597312,0.0031455250915627523,0.0030951933555431015,1.3162309342752203
858.0,0.16464121927205974,0.15602213326580297,0.15863162669150407,0.003547429616733636,0.0034663566889821494,1.3123164571852495
859.0,0.1645792948146185,0.15603330874984378,0.15865888197254088,0.003515760303095556,0.003432383915367805,1.3070280497952051
860.0,0.16419591748005385,0.15652890750223267,0.15863641948710425,0.003193462519793147,0.003132164989353103,1.30134821065671
861.0,0.1641757515193185,0.15628737786003036,0.1586453112476272,0.00360088386090665,0.003507707155167926,1.2951982854097739
862.0,0.1643479693807176,0.15597842910982643,0.15865368611384004,0.0033258549618913535,0.00326831271742869,1.2891167698372323
863.0,0.16463698171611027,0.15598625242689035,0.15861927254279973,0.0034670219679426677,0.0033691800624396496,1.2870287337979927
864.0,0.164572106958888,0.1560207255855175,0.1586476200878172,0.003663736493516407,0.0035522734598841016,1.2856677770443552
865.0,0.16440277145584367,0.15603626416958938,0.15866806761575528,0.0031366493588476955,0.003103120643475049,1.2867791036861762
866.0,0.1642112954130577,0.15602452936109368,0.15866937289669597,0.0034197071220481014,0.0033952725074410267,1.2916411374588284
867.0,0.16420478660951054,0.1560344935462427,0.1586716323024471,0.0035511039678804363,0.0035127452835249868,1.297431517448054
868.0,0.16405539948667247,0.15604223138879486,0.15867469139243498,0.003331359452140121,0.0032634243974928,1.305275474896408
869.0,0.16381708234474404,0.1560627280876312,0.15867701966348788,0.0036027977109425865,0.0034509520758505756,1.313595304881153
870.0,0.1638238180920605,0.15627216341139488,0.15865694189112015,0.0033610479221790183,0.0032261198963141604,1.3215187538440438
871.0,0.16376618883301816,0.15617095799575983,0.15866444814581404,0.003239612148711042,0.0031400013285116145,1.3277769790614873
872.0,0.16371110291475077,0.15609077769726376,0.15867833266883066,0.003675724726354838,0.003571536509385811,1.3321267688789644
873.0,0.16367688662045893,0.15608653865463593,0.1586889040368691,0.0032134677463503372,0.003153921246224878,1.3348854226987252
874.0,0.1635740984221706,0.15607773482238216,0.15869388548524055,0.0033482306782742764,0.0032612879683724086,1.3346844572783456
875.0,0.16344060056959095,0.1560733913286413,0.15869616143263204,0.0036097990230280846,0.003514110282843638,1.3322181248085516
876.0,0.16333894842652932,0.15606520082496372,0.15869664943260403,0.00340950152963057,0.0033179204811064344,1.3278158227034615
877.0,0.16341164591317178,0.15598817287193908,0.15869866818908462,0.0036834682172879013,0.0035403271903642055,1.321873502971357
878.0,0.1633394572278623,0.15616157930810246,0.15870187265454275,0.0036216715920810187,0.0034630142993401156,1.3167251285830341
879.0,0.16329776616964425,0.15629455002477044,0.15870296732004643,0.0032538539367692426,0.003124005806383589,1.3109435353604797
880.0,0.16328869503050789,0.15628823162414376,0.15870292440475733,0.003601129230952779,0.0034530436586045657,1.3057563525368947
