wavelength_nm,thermalbrightn,kaptonws,kaptonhn,blackmli,dunmore,solarcell
380.0,0.0547542734282151,0.0517842685677735,0.0256384686206837,0.0340820418883302,0.0477684501030646,0.2702172472596961
381.0,0.0555355142749088,0.0517842687036816,0.0248374360431132,0.0276491790098168,0.0232446166060196,0.2646704714364841
382.0,0.0562033023410507,0.0517842688165335,0.0240810447585834,0.0297003946581975,0.0175600218201743,0.2687127124963611
383.0,0.0565220671870726,0.0517842694595573,0.0236287358842969,0.0217652221432132,0.0151700171714083,0.2706157734977535
384.0,0.0567826686217889,0.0517842708184474,0.0232196620471573,0.0247274569747861,0.0221358008780915,0.2699650907525065
385.0,0.0576626547127539,0.0517842694692008,0.0226180353731757,0.024783538942127,0.0320938319030648,0.269394259021071
386.0,0.0586017551865103,0.0518046962928686,0.0222047422928964,0.0256106130808139,0.0153506792895749,0.2687608192880456
387.0,0.0593915681472152,0.0519233531131419,0.0218554410885141,0.0456038716607019,0.042174544972457,0.266609115577285
388.0,0.0602235739145556,0.0521200340788851,0.0214837344132654,0.0413747406167002,0.033506796172975,0.2655895465766651
389.0,0.0612804682913203,0.0519700148226331,0.0209704625420338,0.0166433151279725,0.0198747984412789,0.2686745639306067
390.0,0.0628978498505689,0.0515871025886748,0.0203586622776725,0.0287781424327464,0.0210199096910357,0.2680669073803144
391.0,0.064853917112595,0.0524741735974669,0.019968760662243,0.0308645500652172,0.0275255662389964,0.2660729232917964
392.0,0.0663360497611756,0.0541513574616371,0.0197052969015739,0.0198453516836695,0.0177003797849434,0.2674522448370372
393.0,0.0641220098901628,0.0561319233332177,0.0194951245563276,0.0174705754974279,0.014204351935382,0.2658023461987137
394.0,0.0650551364291054,0.0582817917980722,0.0194986733596158,0.0219348585219607,0.0154024886845386,0.2665264351129834
395.0,0.0682079075181869,0.0606927917673,0.0195449386212623,0.0242276333041394,0.0174682131174811,0.2661975642521604
396.0,0.0716576940062742,0.0636078814432134,0.0195593561002552,0.0259236353900925,0.0273380150212781,0.2628171575730623
397.0,0.0750228519803938,0.0655793807982081,0.0195624813477629,0.0281496667585627,0.0272536441364799,0.2654562812669123
398.0,0.0784956448143377,0.0667343126116329,0.0195675638676716,0.0171048373882325,0.0143032189436217,0.2654421056299237
399.0,0.0834594813529562,0.0701764275718509,0.0195783036478472,0.0189548159190903,0.0143747693443915,0.2630510801111158
400.0,0.0881991230002999,0.0736359413873993,0.0194971950117681,0.025609126818057,0.0227966331428783,0.2653216934014688
401.0,0.0924818665404775,0.0769658033384458,0.0191356864756433,0.0288504352341221,0.0216822883538226,0.2649463063067911
402.0,0.0968464329823176,0.0808439668131172,0.0187408586353797,0.0182805296907781,0.0137973117196677,0.2660273179618955
403.0,0.1017508968615806,0.0848769187306727,0.0182764327540892,0.0136393843095838,0.0172542386053101,0.2679697755563503
404.0,0.1085188994452082,0.0887646781808059,0.0178544584639138,0.0132997989232169,0.0112190534421725,0.2703213916897599
405.0,0.1121684678489493,0.09279051299171,0.0174656855654041,0.0132099459901575,0.0148981238766045,0.2689971010500506
406.0,0.1156662066288562,0.096789829403259,0.017069426062187,0.0097091515507945,0.0159805263250311,0.2649989165703177
407.0,0.1205235433918477,0.1007615865387005,0.0165864027107463,0.0189475338538939,0.0142075763737063,0.2637820172897975
408.0,0.1249202784158902,0.1050598743442792,0.0163211669208265,0.013104588689306,0.0137483851707879,0.2638106200501032
409.0,0.1290448550536308,0.109558848258645,0.0161636119956638,0.0109557568655691,0.0176889761358171,0.2642630034347382
410.0,0.1331315241403456,0.1140332937531331,0.0160135557356201,0.0158246735623275,0.0114401275281946,0.2626366694177757
411.0,0.1368782659156968,0.1182609286212547,0.0158257094478204,0.0148909588229078,0.0129806274052479,0.260396865237193
412.0,0.1403250212057355,0.1223207948842132,0.0156373957911319,0.0125908980684839,0.0127268534462883,0.2634032869896253
413.0,0.1435642994441297,0.1264609122323545,0.0153216296435519,0.0128081780430242,0.0135446409505104,0.2645169921895263
414.0,0.1466543961526787,0.1304472057466787,0.0152087180296783,0.0119616576835183,0.0117153969665744,0.2629546244100958
415.0,0.1495784272833986,0.1341892177034843,0.0151995077326091,0.0153720824307483,0.0096958697073324,0.2606076639339312
416.0,0.1522096767292769,0.1379354792920273,0.0151994250709044,0.0147932613998377,0.0093347599698701,0.2605687137511766
417.0,0.1547418559369901,0.1416396663578284,0.0151994250552526,0.0098619061484939,0.0149473176474785,0.2616359488337363
418.0,0.1572425887167695,0.1453500337572037,0.0151994250567626,0.0132501894249814,0.0051664568436299,0.2611229078146423
419.0,0.1595329362302932,0.1488213589666337,0.0151994250523838,0.0138797015347799,0.0065253948245109,0.2608355174132026
420.0,0.1617903853943781,0.15206664143304,0.0151994251566965,0.0111931874708633,0.0079515368358236,0.2591208013618685
421.0,0.164176213622662,0.154956510945039,0.015199427193101,0.0063374129036581,0.0104624897005443,0.2595696147134499
422.0,0.1662642158293698,0.1579148222954493,0.0151994279351353,0.0078487450849688,0.01265929816329,0.261754345299569
423.0,0.1681872572040777,0.1607771297620945,0.0151994281105293,0.0069779083787574,0.0167317094921245,0.2601074061252089
424.0,0.1700812419686375,0.163408340048441,0.0151994258598166,0.0093001822451041,0.0179963067769927,0.258157017246636
425.0,0.171985447839232,0.1659301257570747,0.0151994251713093,0.0066923873339756,0.0078473118391822,0.2613126100139679
426.0,0.1738762386122175,0.1682623140098794,0.0151994251723669,0.008861302807957,0.0103682206177628,0.2599628040263836
427.0,0.175560084854795,0.1699500496434995,0.0151994251722664,0.0072934300859274,0.0062315819867284,0.2598029772928659
428.0,0.1774150608325136,0.1718929848350386,0.0151994251714918,0.0079135361853562,0.0072970183473646,0.2603343060484224
429.0,0.1798720624950799,0.1743190260111525,0.0151994251688745,0.0068325622641293,0.0159661252635072,0.2618329736001447
430.0,0.1809903879289354,0.1759830982060189,0.0151994251688094,0.0076075257934648,0.0126756459340263,0.2604062143412425
431.0,0.1823506860329875,0.1774902099388832,0.0151994251689911,0.0090120677574871,0.0084089686049781,0.2602853212237979
432.0,0.1841937546652012,0.1790324541319184,0.0151994251692612,0.0074121908472472,0.0079681485568866,0.2614621735509617
433.0,0.1858616710687856,0.1801168155985527,0.0151994251695203,0.006893695122227,0.013674088996704,0.2605781217573628
434.0,0.1874121545600439,0.1811342154439633,0.0151994251715569,0.0046034590669965,0.009311903078758,0.2590585319993118
435.0,0.1888585841858753,0.1825367161449778,0.0151994251838539,0.0050787633961243,0.0068290576650475,0.2595657654601073
436.0,0.1902502375553309,0.1835885992857689,0.0151994251293982,0.0070163844714513,0.014619978716447,0.2601252704709077
437.0,0.1915489460828781,0.1844791024357012,0.0151994250490561,0.0064046589820279,0.0175454976241218,0.2596649099143541
438.0,0.1929632598998316,0.1852066763129752,0.0151994251142832,0.0064907362965497,0.0084876778675429,0.2603231859957987
439.0,0.1941896430267384,0.1859182635884397,0.015199425110467,0.0077192723939769,0.0056293777835518,0.2613581321819099
440.0,0.1952501763566612,0.18659329427948,0.0151994250661086,0.0065321528939962,0.0156008986358562,0.260620333557896
441.0,0.1962135895688296,0.187191930911725,0.0151994250555249,0.0036765245777272,0.0121094318839119,0.2612839757959574
442.0,0.1971855410854741,0.1877639847566723,0.0151994250530302,0.0069563695934973,0.0081571640503051,0.2619028737302118
443.0,0.1981870929001968,0.1883217095611727,0.0151994250529533,0.0048734386414551,0.008921606891889,0.2617562675177132
444.0,0.1990275401973343,0.1889226249769771,0.0151994250529402,0.0055962496948708,0.0157718156785248,0.2617697659196223
445.0,0.1998646351328367,0.1894136910661269,0.0151994250529354,0.0043364710179645,0.0112653081900353,0.2627891035616651
446.0,0.2007914479217067,0.1896263548942274,0.0151994250529336,0.003701404588948,0.0112528620843035,0.2634693786390893
447.0,0.2011368783795875,0.1899935604407071,0.0151994250511871,0.0051799226611857,0.0161866133008471,0.2637481171728302
448.0,0.2015418437296445,0.1903799658087686,0.0151994250494403,0.0050894424976226,0.0078494234978949,0.2651085615654921
449.0,0.2027684770238286,0.190790698991441,0.0151994250494366,0.0043419149042546,0.0110898888715417,0.264302720270763
450.0,0.2036912268258923,0.1910671333624545,0.0151994250494332,0.0047051901268583,0.0156249413520195,0.2645428647819268
451.0,0.2043674306919727,0.191329992147496,0.0151994250494303,0.0040650631922551,0.0102911984036379,0.2667907603909432
452.0,0.2046097015397676,0.1918069679152667,0.0151994250494285,0.0035720593112526,0.0103848002479611,0.2659715297716921
453.0,0.2050227042167805,0.1921488916809529,0.0151994250494278,0.0029034596707937,0.0117913904184133,0.2669077307293397
454.0,0.2054789761588308,0.1924155812006339,0.0151994250494276,0.0036278165844668,0.0139084298867687,0.2685718310167414
455.0,0.2061786185915358,0.1936902064384345,0.0151994250494275,0.0037661823291938,0.0114564880150007,0.2692420523787678
456.0,0.2066545680833346,0.19400437337449,0.0151994250494279,0.0034672675436695,0.0135733617076014,0.2700118864438386
457.0,0.2068850122278796,0.1934113141518356,0.0151994250494288,0.0029335591129678,0.0137741682939336,0.2715053774340554
458.0,0.2072999014295429,0.1935708152899006,0.0151994250494295,0.0031002229445365,0.0096029195118828,0.2724234741046298
459.0,0.2075461063758151,0.1937342517270671,0.0151994250494303,0.0035925620197492,0.0131313484823791,0.2735465439045548
460.0,0.2075185319474311,0.1938692262287497,0.0151994250494314,0.0039382068964458,0.0114521867159276,0.2746505005664161
461.0,0.2078430125468691,0.1940687320001499,0.0151994250494316,0.0041150162121236,0.0104175495004209,0.2759694866740501
462.0,0.2081794257133499,0.1942387544669162,0.0151994250494314,0.0034415774698949,0.0111320515373034,0.2774787837884407
463.0,0.2083975412549105,0.1943616592091564,0.0151994250494288,0.0028527819983058,0.011076883134375,0.2790101352134467
464.0,0.2084544475347913,0.1944139844230672,0.0151994250494276,0.0031734814231837,0.0114959877163127,0.2804482821032841
465.0,0.2084960513583131,0.1944603828972688,0.0151994250494277,0.0035391167030368,0.012348706689281,0.2830320201525723
466.0,0.2086363324444674,0.1945655218046965,0.0151994250494278,0.003634849602758,0.0105797105362848,0.2861085698132786
467.0,0.2087653259750441,0.19463562605935,0.0151994250494279,0.0035541555503693,0.0123235714070092,0.2878552005572865
468.0,0.2089005143366951,0.1946786820261249,0.015199425049428,0.003665851504073,0.0124908398033881,0.2901772227496482
469.0,0.2091134114561546,0.1946982493318089,0.0151994250494278,0.0034673588553404,0.0121451177608513,0.2926224025058482
470.0,0.2092565632141488,0.1947270573511746,0.0151994250494275,0.0031424424915998,0.0110032438796684,0.295754564855317
471.0,0.2093394636464621,0.1947712100739046,0.0151994250494275,0.0029646921240171,0.0113049243343684,0.2982480009337678
472.0,0.2093273224065925,0.1948422600347752,0.0151994250494276,0.0029102199916574,0.0112269133929425,0.3011207398155917
473.0,0.2094084177858352,0.1949100357684562,0.0151994250494279,0.0036924335306041,0.011886472256553,0.3052074815428022
474.0,0.2097386890810873,0.1949699362003629,0.015199425049429,0.0033183954748091,0.0112153839256643,0.3092599294251469
475.0,0.2096076728084855,0.1950222460336641,0.0151994250494308,0.0036682061675572,0.0127626243839036,0.3135223656294826
476.0,0.209506129688334,0.1950599652841265,0.0151994250494334,0.0033169319675508,0.0127506975470317,0.3178453603204222
477.0,0.2096284299988478,0.195073725644794,0.0151994250494377,0.0023197670607371,0.0103893633090012,0.321405342680307
478.0,0.2096702623714792,0.1951074869054224,0.0151994250510048,0.0045703794040412,0.0134874528611025,0.3259859536743137
479.0,0.2097042531038516,0.1951609303437445,0.0151994250529405,0.0044224845378694,0.0126455875544343,0.3312272472157753
480.0,0.2098247671269767,0.1952046872672177,0.0151994250529585,0.0030408592034533,0.0107585331650915,0.3363901234009997
481.0,0.2097885835112909,0.1953285100016842,0.0151994250530109,0.0029695695760554,0.0098102902729186,0.3421128727769679
482.0,0.2096845930002099,0.195473103218019,0.0151994250533451,0.0037174944093286,0.0116453392928815,0.34798220842689
483.0,0.2097380732438525,0.1954264299966917,0.0151994250626259,0.0041978327435265,0.0124263644612685,0.3535913499952459
484.0,0.2098333662338061,0.1955126155300331,0.0151994250648603,0.0029293548178292,0.009243464301035,0.3591045927815187
485.0,0.210028731558453,0.1956575099913902,0.015199425064936,0.003354260369609,0.0112642637859509,0.3658059243953538
486.0,0.2098271179826901,0.1957206137477919,0.0151994250564905,0.0030089094064053,0.0108735136119143,0.3722227171211541
487.0,0.2097364252220037,0.1957423084944465,0.0151994250533252,0.0030392558505456,0.011014289058013,0.3789942212848812
488.0,0.2096530504621897,0.1957389824470941,0.0151994250531821,0.0028814685899406,0.01128081320773,0.3870425530295157
489.0,0.2097323020526877,0.1957284578426518,0.015199425053071,0.002723015728694,0.009689502291905,0.3939760727774499
490.0,0.2097421591402456,0.1957252345032868,0.0151994250529962,0.0034534435770423,0.0107632328332336,0.4013553529010117
491.0,0.2095754429397982,0.1957368967629427,0.0151994250529486,0.0044250650568036,0.0122152428410794,0.4091863799019911
492.0,0.209672266259874,0.1957211426543566,0.0151994250529395,0.0029746767187792,0.0108061415668711,0.4161429536591012
493.0,0.209745848754332,0.1956538208328439,0.0151994250525959,0.0034828127276388,0.0115357822478459,0.4241551013314333
494.0,0.2095504508571591,0.1954313561711834,0.0151994250497683,0.0036276474282202,0.0111812161518388,0.4325172790651869
495.0,0.2094597984899443,0.195564996301897,0.0151994250494412,0.0032557192809101,0.0076685760789022,0.4408210395339933
496.0,0.2094829118687164,0.1957803465855961,0.0151994250494401,0.0043844780125159,0.0122684302410574,0.4482335212431493
497.0,0.2094896371042081,0.1955922219982575,0.0151994250494386,0.0027290754432628,0.0106648484829269,0.4567062075344167
498.0,0.2093368420959672,0.1954454601885076,0.0151994250494383,0.0028441922960127,0.0100598599702433,0.465692181445059
499.0,0.2089469116250619,0.195370015126929,0.0151994250494848,0.003176433912986,0.010705403254391,0.4743610305803276
500.0,0.2087576148060531,0.1953660266747604,0.0151994250521011,0.0030647083740814,0.0108381579163014,0.4831710239987939
501.0,0.2087305526432749,0.1953672084741075,0.0151994250529663,0.0025272900968285,0.0095186171267597,0.492244363075595
502.0,0.2087427012521127,0.1953784920107471,0.0151994250530227,0.0027633786973034,0.0092725970307176,0.5014221474051602
503.0,0.2086838867583554,0.1954804334135559,0.0151994250531549,0.0040615122800304,0.0118116732626038,0.5096627836841642
504.0,0.2086227479665826,0.1955146025954806,0.0151994250555187,0.0029245964439608,0.0104772375773394,0.5182243789420311
505.0,0.2085752954596576,0.1954657316998112,0.0151994250656712,0.0025738671808857,0.0096888459250237,0.5276845841532123
506.0,0.2084723381101496,0.1954712847048731,0.0151994250688701,0.0035336974411656,0.0110300696615119,0.536707553455804
507.0,0.2083903925504706,0.1954774523346581,0.0151994250676232,0.0028076990576097,0.0099915465640425,0.5451498452286535
508.0,0.2083599866446546,0.1954746877158639,0.015199425048972,0.0028165462512679,0.0099243359974403,0.5538484610291666
509.0,0.2083096067687392,0.195487190078686,0.0151994250968576,0.0032204584160483,0.0102532580741739,0.5631626069402152
510.0,0.2082348045738733,0.1954932528799304,0.0151994253715804,0.0021111049489287,0.0084705095039994,0.572431699874749
511.0,0.2081280095484807,0.1953706936269794,0.0151994286649214,0.0024001504675388,0.0092678244394344,0.5807985329581469
512.0,0.2080146850844354,0.1953072321247758,0.0151994280188024,0.0035308292210571,0.0103168740263125,0.5895910378914506
513.0,0.2079040491176419,0.195260159634356,0.0151994266055744,0.0038746345506435,0.0105871427042535,0.5986898497436652
514.0,0.2078260459795756,0.1952256813913637,0.015199425311879,0.0030599682130472,0.0098742491149838,0.607077997683479
515.0,0.2077717085547238,0.195194472370602,0.0151994268536856,0.0025835293809923,0.0095529402674374,0.615663646440209
516.0,0.207741045934736,0.1951780348975777,0.015202204496434,0.0029353651349697,0.0099560494700252,0.6243323490548414
517.0,0.2077750262985973,0.1951599790543812,0.0154325804057655,0.0039661351124268,0.0108528528410958,0.6325641641974468
518.0,0.2076751934238487,0.1951036602675328,0.0157200940801019,0.0022340495576488,0.008945618487638,0.6411093232648728
519.0,0.2075012468421522,0.1949825020432606,0.015987536332132,0.0032848617949422,0.0098379911898073,0.6494576880293607
520.0,0.2074242253122909,0.1948767705153471,0.0162387382845328,0.0033454909061809,0.009794782333559,0.6579474558238212
521.0,0.2073157002378617,0.1947825431633136,0.0164659501984591,0.0024136195541809,0.0087701369270144,0.6664346150810074
522.0,0.2071233870658206,0.1947017308844748,0.0170532330136014,0.0021546855862788,0.0085040921896409,0.6740711870381453
523.0,0.207043812182233,0.1946348983232598,0.0176323582996743,0.0019616181979818,0.0080993455288117,0.6818600157961655
524.0,0.2069598007383133,0.1945468209843656,0.0182553711602507,0.0026817671945934,0.0091557196020693,0.6893736842627616
525.0,0.2068514277229768,0.1943552573703222,0.0189339132533805,0.0038788842516093,0.0103277072722832,0.696787018391168
526.0,0.2067591575920016,0.1943906816921004,0.0196465686986819,0.0023997364845436,0.0087978144412188,0.7050917570299557
527.0,0.2066013056775446,0.194417526142062,0.02041603633922,0.0023740741159885,0.0087713484694345,0.7133798813476014
528.0,0.2061970214905073,0.1943032601157011,0.0212705950433746,0.002716570676273,0.0091171008975693,0.7205462685610046
529.0,0.2060792749362992,0.1941898396636855,0.0221472626781165,0.003605010075122,0.0099345220335327,0.7270053788348353
530.0,0.2059859518680105,0.1940815643296014,0.0229872436029143,0.003624100097147,0.0098497567819854,0.7340827166584192
531.0,0.2058293182132237,0.1939855821423428,0.0238449744354835,0.0033613698556925,0.0095452032587083,0.7412633649787153
532.0,0.2096369797380427,0.1989821018331781,0.0167203662055129,0.0028387816586698,0.0091125196732463,0.7485780532645665
533.0,0.2067270929991448,0.1937613251900642,0.0259458206759673,0.0026135038482379,0.0088256593604625,0.7557265500759448
534.0,0.2065386514219519,0.1936616500887395,0.02679319109983,0.0032735208382379,0.009254711248892,0.762398198975753
535.0,0.2062254164428591,0.1935616731091846,0.0276852157905952,0.0031841138863164,0.0092002978164327,0.7692826854730648
536.0,0.2058567485169555,0.1934574853024391,0.0287491780255771,0.0035013849303885,0.0097403891831399,0.7755994024255755
537.0,0.2057328609283236,0.1933972419607515,0.029914202115683,0.0033644731777493,0.0095465685344022,0.7823200467927289
538.0,0.2056239210132731,0.193313549238897,0.0310412451514235,0.0034106800536669,0.0093947146387176,0.7891221858965787
539.0,0.2055237919517112,0.1931939697083749,0.0321553447580186,0.0036566652944097,0.0094958271155068,0.7952824460484386
540.0,0.2054133428059957,0.1930982815406577,0.0334080861437953,0.0030601906480915,0.0090049964609641,0.801314474886028
541.0,0.2052973680622634,0.193215060611426,0.0345483506529831,0.0035049209948751,0.009429518434764,0.8075727021033353
542.0,0.205182479615967,0.194043082830108,0.0355011793444743,0.0029992790710878,0.008685139617158,0.8136114047515235
543.0,0.2050302192610013,0.1940962916804481,0.037053275217497,0.0020743950602024,0.0076326059065978,0.8200170322344719
544.0,0.2048971930543208,0.1939142634458231,0.0385420918539133,0.0031874488799038,0.0085869270018718,0.8260413523550776
545.0,0.2048717892701227,0.1929397465276807,0.0397660754185998,0.0041014755486234,0.0094837271394285,0.8319122250489795
546.0,0.2047601227633738,0.1928203201210876,0.0408335607756707,0.0037512699602818,0.0093433138740574,0.8375404587453925
547.0,0.2046439587050321,0.1927553348057985,0.0419911223247801,0.0029354996499863,0.0086404622860856,0.842977693630108
548.0,0.2045345636786184,0.1926253700278865,0.043642184738106,0.0030282755758641,0.0087144611539736,0.8488746756366856
549.0,0.2044046140725175,0.1925320300423373,0.0450054050701875,0.0031522666023782,0.0087581546651858,0.8549257271466943
550.0,0.2042320802234132,0.1924566818070384,0.0463194267768143,0.0035354227701413,0.0089378096135131,0.8607274284864955
551.0,0.2038514812209433,0.1924330934444617,0.0478628192645631,0.0028912773228588,0.0084358877945242,0.8665870220871995
552.0,0.2036875336947684,0.1921326739863728,0.0489598162201767,0.0034047197979761,0.0088766959665473,0.8716650018812679
553.0,0.2036257704549326,0.1917014492228697,0.0495609727043743,0.003507540242394,0.0088387648725216,0.8769927258194092
554.0,0.2038703789318373,0.1919518960657134,0.0472285860126627,0.0029283859476757,0.0082478931067203,0.8822856303102228
555.0,0.2039557854134765,0.1920044617729863,0.0467735705234423,0.0032859505626072,0.008650471895314,0.8880519330139521
556.0,0.2038802569534738,0.1918707464486796,0.0483356107884434,0.0030622037631836,0.0085476064983416,0.8942454110721625
557.0,0.2037064845200907,0.1916759008799989,0.0497762655629676,0.0030222804842966,0.0085918633913177,0.8992506516270095
558.0,0.2035023744594062,0.1915023424130936,0.0510183714496798,0.0035933221191594,0.0088068230071459,0.9040725701081554
559.0,0.2032904243315186,0.1914220633783012,0.0522007765216994,0.0033560401659144,0.0082017746895142,0.9092548219866105
560.0,0.2031204197807025,0.1913270397011449,0.0575779440391441,0.0031186364551984,0.0080538742110342,0.914653134003289
561.0,0.2030015362045018,0.1912488973494594,0.0590274715347917,0.0033663960124586,0.0083231306304784,0.920134327146024
562.0,0.2029180669669438,0.1911620359295255,0.0559362111919229,0.0033384450885807,0.0082675819651876,0.925362584176004
563.0,0.2029349060854093,0.1910855749940945,0.0567476388688058,0.003578194664796,0.008607658049312,0.930451280886048
564.0,0.2029371144317605,0.1910014011265175,0.0580912265187519,0.0033578380141446,0.0083372540908308,0.9349350737238968
565.0,0.2028617011157627,0.1908997715280393,0.0593449897114453,0.0029289103879135,0.0078855604034695,0.9380303561784176
566.0,0.2027889097021139,0.1907834598527185,0.0604526757858927,0.0033489276949059,0.0082695534706845,0.9405975302528956
567.0,0.2026903490677967,0.1906815126645762,0.0613502839801091,0.0029934699630421,0.0078966336746256,0.9444820119582706
568.0,0.2024980606133835,0.1906073936844065,0.0620436049143818,0.0030200184143731,0.0079137905394282,0.9501156113077333
569.0,0.2023835988105098,0.1904998734487161,0.0633504572033924,0.0036065895732822,0.0085193078324624,0.9552910457418436
570.0,0.2022859132985362,0.1903762014801417,0.0650292788551354,0.0034836495028167,0.0082010480439198,0.9594964103296
571.0,0.2021657897429736,0.1902648450474291,0.0663336039408817,0.0032692251940082,0.0078997491718407,0.9633982767819238
572.0,0.2020748991693206,0.1901585400725205,0.067354784298726,0.0031791718931676,0.0079408026022844,0.9671291257364936
573.0,0.2021574026811497,0.1900604816609049,0.0683371175112575,0.0034639974825195,0.0081575767368812,0.9711949773206844
574.0,0.2056951062394562,0.1899639252384302,0.0700099070995434,0.0032523291216022,0.0079195063124875,0.9757242712821852
575.0,0.205168301883321,0.1898838110998968,0.0708497946406657,0.0033609619020991,0.0078976992701107,0.9795605049396184
576.0,0.2023670901358686,0.1898148058623099,0.0710633932752097,0.003251307619153,0.0078687189512879,0.9816859942930696
577.0,0.2021788208669054,0.1897425782433359,0.0716694903723986,0.0036676559296334,0.0081725975636098,0.9837476727067498
578.0,0.2018136740965962,0.1896639526067173,0.0726993745519716,0.003282402353008,0.0076723642476805,0.9866888616859544
579.0,0.2012541295980642,0.1895761500012109,0.0742003898747813,0.0030403791360351,0.0074410266319013,0.989007489469244
580.0,0.2011332460019252,0.1894796809287259,0.0752726521315344,0.0035923948191702,0.0080935300994102,0.9916710277357182
581.0,0.2009753351620066,0.1893739562527198,0.0761915941395427,0.0036210065999226,0.0081835909905636,0.9950318846562124
582.0,0.2008140166663307,0.189224608950459,0.0769912633220671,0.003396280604145,0.0077890118129535,0.9990145289587836
583.0,0.2007931534672833,0.188029013402141,0.0778988764515878,0.0034047314085299,0.0077483389908965,1.0
584.0,0.2007563072086281,0.1877585077989336,0.0788075916287985,0.003210119185542,0.0076835506407901,1.0
585.0,0.2006162037391393,0.188871848614696,0.0797293195122441,0.0032059048817724,0.0076371029748191,1.0
586.0,0.2003689583997497,0.1888814071568318,0.0806810160371498,0.0032411032419617,0.0074224190520501,1.0
587.0,0.200205832013668,0.1887720892605645,0.0816307759204928,0.0030188306741434,0.0072907874060193,1.0
588.0,0.2000845196360599,0.1886285330335324,0.0825511244866727,0.0035540803404677,0.0077925447920547,1.0
589.0,0.200183030120196,0.1885032318020565,0.0834196654414255,0.0035883252121643,0.0078025646423363,1.0
590.0,0.200213755588563,0.1883548707792843,0.08409982558101,0.003340775714486,0.0075180143357226,1.0
591.0,0.1999544723161277,0.1881060265371676,0.0846066321512996,0.0033215514994099,0.0074738995379487,1.0
592.0,0.1997743115820374,0.1880481740413804,0.0853003057102123,0.0031839026876095,0.0073362230764234,1.0
593.0,0.1996597812204726,0.1880029708652305,0.0862444946451369,0.0031918314477127,0.0073329553718064,1.0
594.0,0.1996266395235319,0.187898049375021,0.087475660636827,0.0034717324459168,0.0075260717897162,1.0
595.0,0.1994986070880699,0.1878077260215692,0.0900853311260602,0.0031401527947122,0.0071823295608793,1.0
596.0,0.1993033819194939,0.1877274519815472,0.0921427938576833,0.0035504498272355,0.0075905550669188,1.0
597.0,0.1991515233752192,0.1876927300936659,0.0906227477412056,0.0034589896821403,0.0074779675267331,1.0
598.0,0.199089366734568,0.1875909119589255,0.0903583502494669,0.0033261734981337,0.0073100175329776,1.0
599.0,0.1990400978146224,0.1874867774019959,0.0909520929654133,0.0035266284952483,0.0074194606143815,1.0
600.0,0.1988897600864969,0.1874335115093896,0.0918649429825218,0.0033624272632685,0.0073553159638334,1.0
601.0,0.1987285862883644,0.1873707297220955,0.0931573250918669,0.003128877264827,0.0071233444986143,1.0
602.0,0.198575471851381,0.1872971879359574,0.0945228839776094,0.003171220815163,0.007069327705787,1.0
603.0,0.1984758325798584,0.1872002519818327,0.0937952789461132,0.0031154638760025,0.0069441515458896,1.0
604.0,0.1983818955109086,0.1871116247649498,0.0944964024957057,0.0032399508637828,0.0070901990297107,1.0
605.0,0.1982843231073725,0.1870320051694789,0.0956304960612457,0.0034300223400688,0.0072750387626004,1.0
606.0,0.1981618058867519,0.1869718128460056,0.0963664133935021,0.0035824265495134,0.0073950413673934,1.0
607.0,0.1980617215423266,0.1866979132919747,0.097070143088093,0.0036671276075658,0.00746433723115,1.0
608.0,0.1979766763639842,0.1862802753790938,0.097752297502043,0.0033422581356862,0.0071447412143115,1.0
609.0,0.1978854171508064,0.1865109555079604,0.0981305009036508,0.0034410730192927,0.0071261788849526,1.0
610.0,0.1977737068435811,0.1865783429466867,0.1002276786464454,0.0035663994963399,0.0072288657016945,1.0
611.0,0.1976468128637598,0.1864658803032859,0.1043415192016917,0.0032680695750231,0.0070081379789377,1.0
612.0,0.1975709978898566,0.1859160328930756,0.1021747670960093,0.0033420829949743,0.00700746917069,1.0
613.0,0.1974816390519068,0.1858370793290306,0.1012046429123069,0.0036304686204341,0.0071743523664146,1.0
614.0,0.1973681945618201,0.1861250352360832,0.1018994509751124,0.0036032737791839,0.0070822274044517,1.0
615.0,0.1972540381866771,0.1860893433498348,0.1025809813520729,0.0035348346294586,0.0070502503360133,1.0
616.0,0.197136194523472,0.1859982348408757,0.103264937689208,0.0034272751348166,0.0069907102082216,1.0
617.0,0.1970178746532005,0.1858969171694172,0.1039363471283457,0.0033400017420535,0.0068488661162824,1.0
618.0,0.196806890803803,0.1858163304465973,0.1047268931883063,0.0033599018104005,0.0068004203478653,1.0
619.0,0.1966815565226637,0.1857087505410264,0.1054291119454967,0.003350682513673,0.0067101600344484,1.0
620.0,0.196841667112553,0.1855097895492657,0.1059562043497236,0.0032293109124264,0.0066324367526158,1.0
621.0,0.1965319751705733,0.185219138550582,0.1066345127979869,0.0034058846589992,0.0068592984380217,1.0
622.0,0.1963055076226129,0.1850080681153539,0.1072713417710978,0.003395842824164,0.0067961410527464,1.0
623.0,0.1961894327934313,0.1848838004609624,0.107845342931592,0.0035976528719276,0.006928224513059,1.0
624.0,0.1961090087658851,0.1851014133429728,0.1085108386579439,0.0034708950873623,0.0067635702777923,1.0
625.0,0.196014467215971,0.1852953751441719,0.109221606597263,0.0032861236631191,0.0065084580386825,1.0
626.0,0.195855061757446,0.1849679317890069,0.109904371909853,0.0033445521036221,0.0065028650831772,1.0
627.0,0.1957301821709826,0.1848124121772325,0.1104645702568368,0.0032769396099388,0.0065248649916166,1.0
628.0,0.1956156283667012,0.184682127734115,0.1109554987997538,0.003237465272476,0.0064926832242669,1.0
629.0,0.1955071822520326,0.1845968365359419,0.1114175067378281,0.0033345202351605,0.0065790881552404,1.0
630.0,0.1953711628372041,0.1844910093965284,0.1120301923535341,0.0031940108863524,0.0063926047521936,1.0
631.0,0.1952337211882166,0.1843651844155332,0.1126607677198011,0.0034378960130836,0.006475702428834,1.0
632.0,0.195123541895281,0.1842369315166077,0.1132606534621939,0.0034106631046529,0.0063771730067521,1.0
633.0,0.1983066374748111,0.1892503796170259,0.1083326943247662,0.0033645399020759,0.006382978236072,1.0
634.0,0.1948668806411905,0.1840489425498975,0.114153987097948,0.0032778455159327,0.006313712536053,1.0
635.0,0.1947887250320222,0.1839826525442478,0.1149768575494754,0.0033727072152054,0.0064211203624536,1.0
636.0,0.1946884073208689,0.1839177299641652,0.1155353104059443,0.0033609945089059,0.0063741650938772,1.0
637.0,0.1945728719145635,0.1838255745482147,0.1160340713747023,0.0033715826750738,0.0063635959702333,1.0
638.0,0.1944637662999554,0.1835865574956152,0.1164678346305092,0.0035346137634152,0.0064571217379545,1.0
639.0,0.1943044816070178,0.1836261129432728,0.116789724886467,0.0035402580067266,0.0064416013953985,1.0
640.0,0.1941317158195589,0.1837317883793504,0.1171965929519697,0.0033324417459736,0.0062182958610161,1.0
641.0,0.1939424236334216,0.1835346579250716,0.1180350206127625,0.0032420018109554,0.0061444680246658,1.0
642.0,0.1937136010818431,0.1833746460893139,0.1186142045571346,0.003243463276117,0.0060858750919151,1.0
643.0,0.1935303932776058,0.1832017227816,0.1191133021420471,0.00321407948031,0.0060010796348968,1.0
644.0,0.1937954981556345,0.1829045493124869,0.1195046682729265,0.0033872868562014,0.0062057713142146,1.0
645.0,0.1937009460998716,0.1829047610633401,0.1200298768680586,0.0034694359496711,0.0062008866136276,1.0
646.0,0.1935019250490706,0.1829508171726578,0.1205699994915623,0.0033494610098581,0.0061116521915679,1.0
647.0,0.1932264251374941,0.1827909497450661,0.1209651420938239,0.0033483656002432,0.0061700570814931,1.0
648.0,0.193136801338178,0.1825669451656727,0.1214311043042909,0.0034129062725576,0.006162862587369,1.0
649.0,0.1930570861940386,0.1823812470340883,0.1218643098043636,0.0032578841514613,0.0060166329493324,1.0
650.0,0.1929177548746723,0.1823413757201592,0.1218657685334203,0.0033450624493485,0.0060661334500949,1.0
651.0,0.1924830028508784,0.1821594890840448,0.1224640454065792,0.0033745849756377,0.0059999513440565,1.0
652.0,0.19214604871787,0.1819564781276146,0.1231781762756642,0.0032126966872679,0.0058383717661758,1.0
653.0,0.1922265473350677,0.1819728259561784,0.1232753785047884,0.0032706448201708,0.005820618064397,1.0
654.0,0.1922749102298949,0.1818905919937437,0.1237123856692399,0.0033373834343742,0.0058789595504719,1.0
655.0,0.1922624951917537,0.1817514250735022,0.1242761266284053,0.0033394493176511,0.005861754353248,1.0
656.0,0.1919290430892725,0.1815525247285195,0.1245040722175641,0.0034809439786402,0.006037002154012,1.0
657.0,0.1916607380192981,0.1813802727009083,0.1249028956698637,0.0031703962022827,0.0057949589729994,1.0
658.0,0.1914882892238937,0.1812238859150014,0.1253488726653785,0.0032802471950424,0.0059029302858034,1.0
659.0,0.1914429793462705,0.180900508760183,0.1258056324755976,0.0033872464626778,0.0058886779641364,1.0
660.0,0.1913351841585292,0.1809932956038625,0.1259070132180218,0.0032013615096227,0.0056982520203125,1.0
661.0,0.191149816267713,0.1813356128678633,0.1259342007869735,0.0032458713343046,0.0057438166530257,1.0
662.0,0.1909146510621918,0.1811839083060554,0.1266998931285504,0.0033002802839433,0.0058319820999205,1.0
663.0,0.190836195890027,0.1809097532889452,0.127275057883856,0.0031771275679096,0.0056944591132066,1.0
664.0,0.1908960151347071,0.1805948556534298,0.1276508920148227,0.0032441173626818,0.0056755884671067,1.0
665.0,0.1905721983527728,0.1803880728348366,0.1278259121738105,0.0033193746445377,0.0056768969916054,1.0
666.0,0.1903989912461048,0.1803377798987151,0.1282105978089749,0.0033348042708941,0.0056167901795448,1.0
667.0,0.1902433070156191,0.1802758519825427,0.1287286567416979,0.0033047712735121,0.00560826304029,1.0
668.0,0.1900867112253779,0.1799406688272907,0.1290327359320777,0.0031451488459133,0.0054679013277906,1.0
669.0,0.1898875630144342,0.179800653431545,0.1293892968526173,0.0032734263176368,0.0055929663499885,1.0
670.0,0.1896661475915082,0.1797364842336296,0.1297737089271524,0.0031606389829409,0.0054942125747922,1.0
671.0,0.1895257489137381,0.1796557079910783,0.1300671529229597,0.0034213452329729,0.0056078338758487,1.0
672.0,0.1893575154309165,0.1796094322099883,0.1304695161698572,0.0036282306697397,0.0057304368173442,1.0
673.0,0.1891820866328387,0.1795420646058674,0.1308910401831677,0.0033064973998257,0.0054766556490848,1.0
674.0,0.1890272434709232,0.1793786605396729,0.1310742556921433,0.0031469534210309,0.0053032893226802,1.0
675.0,0.1888602708760473,0.1792375142542388,0.131332921057145,0.0033497962838919,0.0054903664576935,1.0
676.0,0.1886885265220934,0.1791047757862871,0.1316462215915605,0.0031485196670482,0.00530073731463,1.0
677.0,0.1888466461580432,0.1789468408886628,0.1319248593450138,0.0031840583193438,0.0053835520143976,1.0
678.0,0.1885934895552694,0.1787793567472698,0.1321572278981366,0.0034711837180961,0.0055543274094912,1.0
679.0,0.1882910325847549,0.1786085662449171,0.1324047714904143,0.0032675950289215,0.0052980715316871,1.0
680.0,0.188164079771531,0.1784663769687781,0.1327706304453548,0.0034517357394629,0.0054984544373784,1.0
681.0,0.1878588205061642,0.1781297528520355,0.1333306865898344,0.0034361244190425,0.0054380097578596,1.0
682.0,0.1875530769564412,0.1778959961595159,0.1337365541274408,0.0030497428513676,0.0050555497160784,1.0
683.0,0.1877074943671932,0.1779425654227347,0.1338093245290526,0.0033371624381209,0.0052926538702318,1.0
684.0,0.187510038275029,0.1778797944250826,0.1340385487930705,0.0033201097541069,0.0052727938114575,1.0
685.0,0.1872463694093634,0.1777117196370047,0.1344168985752406,0.0032176772993601,0.0052279884812951,1.0
686.0,0.1871417709657375,0.1775486366863343,0.1347177708283701,0.0033836115629415,0.0054021319223002,1.0
687.0,0.1869750601194404,0.1773739331476362,0.135162975835714,0.0031474860549819,0.0051270483974506,1.0
688.0,0.1867783776819592,0.1771823472888162,0.1356659701569533,0.0032149625789394,0.0051545842272666,1.0
689.0,0.1865063190035647,0.1770067899870142,0.1360926047180499,0.0033690667406432,0.0052755265449566,1.0
690.0,0.1862448267029721,0.176857557168985,0.1364576858680649,0.0032723370538901,0.0051538869445781,1.0
691.0,0.1860610205169511,0.1767239975814027,0.1368571648196042,0.0032934106925367,0.0052040012700634,1.0
692.0,0.1861273745844775,0.1765949695050658,0.1370537180920789,0.0032320706125937,0.0051855693617797,1.0
693.0,0.1859834137758944,0.176454892823056,0.1389849700077629,0.0032727831234082,0.0051709078398896,1.0
694.0,0.1858162035656688,0.1764253019709866,0.1410764706678884,0.0034400191023906,0.0052793475159039,1.0
695.0,0.1856606255790193,0.1766342051130828,0.1418291436284549,0.0032350212873625,0.0049804636459098,1.0
696.0,0.1855344792185879,0.1763468164123518,0.1399657299924633,0.0031482045506815,0.0049061253749382,1.0
697.0,0.1856342413732142,0.1759782218059548,0.1385978964668748,0.003606978906114,0.0053010937907747,1.0
698.0,0.1870344389419906,0.1758522308338342,0.1397103712204714,0.0033061189930288,0.0050018835180194,1.0
699.0,0.1859398227633438,0.1757840642906648,0.1393539426342585,0.0033709036890001,0.005103700989543,1.0
700.0,0.1849073250064582,0.1756816882813632,0.1392370161256214,0.0034028970911636,0.0050830663564812,1.0
701.0,0.1847570444375336,0.1753798924707205,0.1395160059739287,0.003092084536205,0.0047185720690406,1.0
702.0,0.1844673324106876,0.175348923026669,0.140325376891231,0.003316826085935,0.0049460117937537,1.0
703.0,0.1842590415948233,0.1752903969899446,0.1410444366975267,0.0034599873630708,0.005050981048517,1.0
704.0,0.1842402456845045,0.1750174527509441,0.1411659893868219,0.0032466098855057,0.0048327835473881,1.0
705.0,0.1840947958210517,0.1748864932310951,0.1416827345278328,0.0033272836411141,0.0048869830288607,1.0
706.0,0.1839342107709574,0.1747754771264188,0.1420434769957313,0.0031665754794774,0.0047534259333161,1.0
707.0,0.1837679711604805,0.1746550225609514,0.1421071450916835,0.0031924575314383,0.0046931437643259,1.0
708.0,0.1835880331434493,0.1744806679324626,0.1423544286330564,0.0033144458786765,0.0049074570734751,1.0
709.0,0.1834204534880387,0.1743234020221767,0.1426025460581619,0.0031021609575535,0.0046417889435258,1.0
710.0,0.1832758980198873,0.1742101358604789,0.1428450076639797,0.0033238648926895,0.0049766964650596,1.0
711.0,0.1830673002416053,0.1740683399875922,0.1450313633957632,0.0034299946120931,0.0050131748509183,1.0
712.0,0.1828978220188237,0.1738992433509406,0.145188951099616,0.0031123486398254,0.0046887196979721,1.0
713.0,0.1827696212597897,0.1737150293759653,0.1432940609045134,0.0032029857270184,0.0047705397374396,1.0
714.0,0.182626249385062,0.1736044264944527,0.1436083458782637,0.0033460568933879,0.0048146142765849,1.0
715.0,0.1824919665599282,0.1734391221886037,0.1441003934750799,0.003256198258852,0.004738533044322,1.0
716.0,0.1823587297594783,0.1732267113482143,0.144595152389472,0.0033061210317246,0.0048075918499513,1.0
717.0,0.1821463555936122,0.1731461717957119,0.1446290167705493,0.0032293524811549,0.0047305732972664,1.0
718.0,0.1821641391485592,0.173031135292006,0.1446811200232836,0.0032915936473699,0.0047002598885132,1.0
719.0,0.1823450766527983,0.1728776758578393,0.1447398956480929,0.0034486010892254,0.0048160722918498,1.0
720.0,0.181937132053736,0.1727599796481861,0.1443385592359621,0.0031932636527415,0.0045758155701244,1.0
721.0,0.1815624025708949,0.1726577297514708,0.1444810009435455,0.0033253112345635,0.004733930494269,1.0
722.0,0.1812756402471086,0.1725553168322718,0.1447121882858192,0.0033235943239715,0.0046894054485612,1.0
723.0,0.1810358598077564,0.1724099475538571,0.1449546511726508,0.0033195724901083,0.0046517722222858,1.0
724.0,0.1811804301257551,0.1722709277067742,0.145180149202221,0.0035164720157638,0.0048172622783214,1.0
725.0,0.1814476556105035,0.1721199293971417,0.1454094561308609,0.003335506364114,0.0046136152900602,1.0
726.0,0.1810811753687012,0.1719005058948628,0.1459296732504778,0.0032028078670525,0.004520888618244,1.0
727.0,0.1808419398273573,0.1718245361459361,0.1460367234278448,0.0034592050638186,0.0047035250837031,1.0
728.0,0.1806501274769474,0.1717145820049865,0.1460550293116408,0.0031270161707457,0.0044110961176664,1.0
729.0,0.1804582296200325,0.1709893153413812,0.1462345906036954,0.0031548550295,0.0044035257059779,1.0
730.0,0.180453171748787,0.1709979697463869,0.1464307736831823,0.0034014718286866,0.0046520074822538,1.0
731.0,0.1804283156602615,0.1711010458846775,0.1466138722669138,0.0032076597728063,0.0044594612734534,1.0
732.0,0.1802393135264854,0.171204238042999,0.1467841377088923,0.0033706794906381,0.0045392936064855,1.0
733.0,0.1800769090295657,0.1712052788568314,0.1469080925397369,0.0034006683796117,0.0045643688250238,1.0
734.0,0.1798046013657326,0.1709668512959969,0.1470696974630311,0.003216079604724,0.0044133896852675,1.0
735.0,0.1792581869755192,0.1702485961272703,0.1473279508653752,0.0034099118551394,0.0045716715554421,1.0
736.0,0.1790712895613722,0.1699673458969052,0.1475098980047564,0.0033479392218088,0.0044963660949849,1.0
737.0,0.1790383690997652,0.1699766190288422,0.1476872370859776,0.0033387506410829,0.0044506834401537,1.0
738.0,0.1795492652019524,0.1704009282108844,0.1478803677939322,0.0034358849737475,0.0044823499622188,1.0
739.0,0.1791597784470463,0.1714040498948532,0.1480775162565962,0.0032752588032721,0.0019899083896933,1.0
740.0,0.1788894613757216,0.1714010079064719,0.1482607391549559,0.0032804023766214,0.0043039937373117,1.0
741.0,0.1787122193366582,0.1701536068729436,0.1484327397471315,0.0033674172372293,0.0043729177040216,1.0
742.0,0.1786663913840968,0.1699240647490178,0.1486242926368188,0.0032405836763672,0.0043025203979565,1.0
743.0,0.1785324972178314,0.1697834562837669,0.1488965963102242,0.0034568575306515,0.0044757668780364,1.0
744.0,0.1783287485096611,0.1696667174884803,0.1492537176092919,0.0033883510806125,0.0040990329295486,1.0
745.0,0.1780559280092412,0.1695810384250263,0.1493390530000178,0.0031046920025485,0.0041446728932652,1.0
746.0,0.177843841036694,0.1694482984565735,0.1490667291003952,0.0033859838308065,0.0043832202389915,1.0
747.0,0.1777088744443556,0.1692482421338761,0.1487487937178288,0.0032343623229861,0.0042393379342176,1.0
748.0,0.1777975222403544,0.1689631797363747,0.148904756951306,0.0031926544037075,0.0041987271200957,1.0
749.0,0.1778233967835308,0.1689789945824946,0.1492031692117003,0.003421823706848,0.0043498499531615,1.0
750.0,0.1777628604202993,0.1690548579718132,0.149453485672993,0.0032076502676961,0.0039991024145289,1.0
751.0,0.1776084378038178,0.1687212197647399,0.1494981335609042,0.0033384135511202,0.004207007070752,1.0
752.0,0.1774772987556472,0.1685943940129403,0.1499086518746842,0.0034543196936984,0.0043157421935978,1.0
753.0,0.1773234053096929,0.1684718438464965,0.1501490648767122,0.003162741614196,0.0040271513084364,1.0
754.0,0.1770851831191927,0.1682818021582819,0.1497680697958839,0.0034340495745166,0.0042048248555551,1.0
755.0,0.1769019114513295,0.1681874710529248,0.1502683373690271,0.0034651624523483,0.0042978663801642,1.0
756.0,0.1767478392637027,0.1680967237868066,0.1505468794120484,0.0033477908223756,0.0041588942136832,1.0
757.0,0.1766206768144249,0.1679843726338336,0.1505346085213836,0.0033942832060784,0.0041098634749089,1.0
758.0,0.1764417833969144,0.1678357414681019,0.1508196904232256,0.0033600657762056,0.0041549811550495,1.0
759.0,0.1760818316285214,0.1676881813452536,0.1508062274433996,0.0034303416254173,0.0041337385745566,1.0
760.0,0.1755351065658825,0.1675511269013909,0.1504383078020972,0.0033751956267364,0.0040683005126659,1.0
761.0,0.1753230810980791,0.1674622471878978,0.1511006347223549,0.0032251712042614,0.0039938027130942,1.0
762.0,0.1755186883105109,0.1673064434159411,0.1511434249018969,0.0033736691689544,0.0040568522146781,1.0
763.0,0.1760716026170986,0.1671186584924603,0.1509210965946558,0.0035966748529631,0.0041937517173646,1.0
764.0,0.1759350400385989,0.1669775259775566,0.1511232555083658,0.0031926265178184,0.0038636901280171,1.0
765.0,0.175573884278007,0.1668308200607062,0.1514105737450435,0.0034082616475682,0.0040580049998335,1.0
766.0,0.1751891061731432,0.1666866352035065,0.1515534593542533,0.003307956628143,0.0039773065981476,1.0
767.0,0.1750492889918745,0.1665644404430437,0.1512131126304042,0.0031286747414163,0.0037705928062414,1.0
768.0,0.1749216330936128,0.1663940948261637,0.1514970966563752,0.0035220282632223,0.0040772272922969,1.0
769.0,0.1748766935792083,0.16623570289709,0.1520184943594437,0.0033067212039341,0.0038993643201411,1.0
770.0,0.175104483739824,0.1661338062376381,0.152221878798226,0.0033279167432533,0.0039085455565101,1.0
771.0,0.175021157601054,0.1659974111331751,0.1523438988775962,0.0034797443063891,0.0040359678530581,1.0
772.0,0.1747954570681957,0.1658723040553078,0.1524396793166132,0.0032721649588024,0.0038392287491835,1.0
773.0,0.1742867360557234,0.1657643338884608,0.1525334856334837,0.0033951520392159,0.0036127822294892,1.0
774.0,0.1741509029518911,0.1656238371479652,0.1526585985818299,0.0034494832991995,0.0039686223124998,1.0
775.0,0.1740222840280591,0.1654789992441663,0.1524718985334717,0.0031848266250575,0.0037258668428177,1.0
776.0,0.1738908623130665,0.1653508979451678,0.1518531832008827,0.0035417977369486,0.004046084017619,1.0
777.0,0.1737709180083873,0.1652222102530609,0.1527159498381214,0.0033935794804901,0.0038760524134124,1.0
778.0,0.1736560822641168,0.1650683926408084,0.1530121143274273,0.0032379224855723,0.003713258259915,1.0
779.0,0.1735236220306734,0.164886045903416,0.1530651150009385,0.0035392251716462,0.0039665821969612,1.0
780.0,0.173205752498298,0.1647071474492963,0.1532170805335611,0.0033084712181474,0.0037582864338441,1.0
781.0,0.1731487053192633,0.1645677656058179,0.1532750687205769,0.0033366531762871,0.0039920139547002,1.0
782.0,0.1731362703168409,0.1644245136806264,0.1532962477716103,0.0034439510806022,0.004046739355795,1.0
783.0,0.172981276850823,0.1641536614602791,0.1532531229466876,0.0033852500909213,0.0040272769894334,1.0
784.0,0.1728712451716496,0.1641093955587038,0.153276671627609,0.0034578858656409,0.0040670378572726,1.0
785.0,0.1727291135800705,0.1640709966475984,0.1532038057259614,0.0033598328571997,0.0039259328952133,1.0
786.0,0.1724371890148729,0.1639331550333334,0.1526001909454575,0.0032704507392302,0.0038041975443478,1.0
787.0,0.1723370778678662,0.1637658782126874,0.152983384180749,0.0034229767579215,0.0039871395523376,1.0
788.0,0.1722270158750849,0.1636416188476001,0.1534363404495954,0.003217062295802,0.0036985130887053,1.0
789.0,0.1720961934147511,0.163522617861065,0.1537272591203904,0.0032248023346026,0.0036469222726519,1.0
790.0,0.1719214737054218,0.1630155879990478,0.1538887118737135,0.0035214620548017,0.0041503922107331,1.0
791.0,0.1717712852837367,0.1628865140358773,0.1539244710625957,0.0033455784387879,0.0036845471972815,1.0
792.0,0.1716403451834225,0.1628663450266605,0.1539164840233972,0.0033766999869202,0.0038872349687044,1.0
793.0,0.1714789097662586,0.1635634273837495,0.1536736747126934,0.0034455172541313,0.0039375150216679,1.0
794.0,0.1712057871047943,0.1635921231849684,0.1536682507009763,0.003287818648635,0.0037849937572806,1.0
795.0,0.1709520732530866,0.1632855950364658,0.1537283854318645,0.003418987504297,0.0039151731398603,1.0
796.0,0.171049098312396,0.1625885054996819,0.1537681548325833,0.0033557547095845,0.0038004621186103,1.0
797.0,0.1709057302230312,0.1624406642577919,0.1541796980973692,0.0032418120029882,0.0036747820781142,1.0
798.0,0.1707478662360345,0.1623314043100545,0.1545208411278218,0.0034365534834678,0.003544179586244,1.0
799.0,0.1706097535476533,0.1621917986968646,0.1546022918510443,0.0033740774132029,0.0037234656014049,1.0
800.0,0.1703575823246957,0.1620659795679555,0.1541433989938434,0.0034195891863144,0.0037889178184742,1.0
801.0,0.1702223390974041,0.1619367061440282,0.1541247841444643,0.0035141389500604,0.0038728797030704,1.0
802.0,0.1702025608340612,0.1617962036726507,0.1546189385714288,0.0031726206014748,0.0034883401987634,1.0
803.0,0.17003817438206,0.1616553157051729,0.1545626916929244,0.0034172388819161,0.0037967294056994,1.0
804.0,0.169897763281606,0.1615289718232458,0.1547520205046389,0.0036580029458359,0.0040262082711644,1.0
805.0,0.1697784605868557,0.1614064291171773,0.1551709423997446,0.0032698024788,0.0036094086720777,1.0
806.0,0.1696509750103913,0.1612779768096423,0.155295457867503,0.0032817074738998,0.0036145809689519,1.0
807.0,0.1694536911678289,0.1611514093946226,0.1554309363402777,0.0034166891881785,0.0037238389289084,1.0
808.0,0.1692798911573353,0.1609991334215129,0.1555816543336703,0.0032322424701291,0.0035171412685098,1.0
809.0,0.1692850424122724,0.1607892699525139,0.155737283480823,0.0034043548887721,0.0036503943747109,1.0
810.0,0.1691410263873998,0.1605913934555303,0.1553820662772073,0.0033105432884562,0.0035558175324535,1.0
811.0,0.1690020363383159,0.1604465761019771,0.1553586055381248,0.0033116950404085,0.0035662956960761,1.0
812.0,0.1688763754447901,0.1603855904627207,0.1560478546234804,0.0036158819645188,0.0038703941414527,1.0
813.0,0.1687560532874591,0.1602247145564425,0.1555752609927994,0.0031554608894699,0.0034166258750011,1.0
814.0,0.1686498746091256,0.1600734108619648,0.155763389605357,0.0033734089608697,0.0035662273880251,1.0
815.0,0.1685536762491626,0.159921514429316,0.1564178546397778,0.0034882637624732,0.0036920830026961,1.0
816.0,0.1684675107530844,0.1596632298520966,0.156469288108797,0.0033090335122439,0.0035499589749477,1.0
817.0,0.1683352679683602,0.1593506615337262,0.1566079987285327,0.0035237614965969,0.0036524588125366,1.0
818.0,0.1682109912115418,0.1592455441915283,0.1566564624690277,0.003438588181215,0.0036204311278576,1.0
819.0,0.168136872071605,0.1596753076400179,0.1563862499301162,0.0033290279532616,0.003478360421772,1.0
820.0,0.168032829047126,0.1596249354976918,0.1568141846629092,0.003621878014571,0.0037740526919443,1.0
821.0,0.1679168917485677,0.1593946017588328,0.1570572203186836,0.0034172221974111,0.0034311725987158,1.0
822.0,0.1677992913384403,0.15905168308077,0.156908803647974,0.0032890979375112,0.0033222859374061,1.0
823.0,0.167599218382871,0.1589690537013313,0.156893237651481,0.0034225027957823,0.0035821386821301,1.0
824.0,0.1675061169916941,0.1588862343012454,0.1571658084663316,0.0031780444253669,0.0033552982431492,1.0
825.0,0.1674561626719915,0.1588302229548805,0.157849134943932,0.0035078545399318,0.0036465458275931,1.0
826.0,0.1673265673809263,0.1589253478287711,0.1581536736597983,0.0034876207616676,0.0035599486471971,1.0
827.0,0.1672229679285792,0.1587655857155883,0.1579036895296568,0.0032060397825794,0.0033604695612457,1.0
828.0,0.1671009747783355,0.158486772351288,0.157670666045483,0.0035731570678579,0.0036868850160403,1.0
829.0,0.1668802540349796,0.1583784074329932,0.1581088242510809,0.0033956115265264,0.0034751859895086,1.0
830.0,0.1667921241455709,0.1584685886211312,0.1582716437743286,0.0032907671771931,0.0033793674616239,1.0
831.0,0.1667274595093011,0.1584294196904639,0.1583061767528108,0.0035541697230856,0.0036131127233012,1.0
832.0,0.1666476580239216,0.1579243478285309,0.1582654165407245,0.0032906440358176,0.0033230849291249,1.0
833.0,0.1666079000128726,0.157480978319132,0.1581721325026069,0.0033585472685786,0.0034256324723645,1.0
834.0,0.1663004833374075,0.1573226514680134,0.1583217356166908,0.0035061375888021,0.0035815664728253,1.0
835.0,0.1658882053951267,0.1572606228488589,0.1585698164286378,0.0032816631465587,0.003378066984852,1.0
836.0,0.16582523017664,0.1572147050549066,0.1584056815580586,0.0034762116256099,0.0035330885087398,1.0
837.0,0.1659098181002058,0.1573593819986226,0.1584538786546041,0.0034822708411314,0.0034746353016817,1.0
838.0,0.1659874982965103,0.1575042624385865,0.1585199837246864,0.0032212707072012,0.0032242907244431,1.0
839.0,0.1659652649904476,0.1574422910614179,0.158504256250909,0.0035344300625381,0.0035313949000372,1.0
840.0,0.1655717869472762,0.1574121657754096,0.1585401410525114,0.0033327419917286,0.0033842959897838,1.0
841.0,0.1661260240316119,0.1574377383513501,0.1585414197274958,0.0033535727192204,0.003331422207527,1.0
842.0,0.1679760344760042,0.157532407517432,0.1585082928114311,0.0036692943894664,0.0035878478345403,1.0
843.0,0.1677102025559061,0.1574449803342517,0.1585925596012975,0.0033555214319515,0.003344736821526,1.0
844.0,0.1666582412206957,0.1573544197015992,0.1585771011191575,0.003408460347933,0.0034059332880262,1.0
845.0,0.1655554687779699,0.1572803561675863,0.1585252382412355,0.0035220162061312,0.0034647511985544,1.0
846.0,0.1655872099298278,0.1572072076574905,0.1585215239028567,0.0032250530208271,0.0032018845656943,1.0
847.0,0.165426236493571,0.1572172341591456,0.1585816461303047,0.003591653599852,0.0036158041702498,1.0
848.0,0.1652518799353307,0.1571253575799539,0.158598651346535,0.0035761740774733,0.0035620317064429,1.0
849.0,0.1651360409508521,0.1567109620845281,0.1585074094451589,0.0031661541437605,0.0031748668276119,1.0
850.0,0.1650685199439422,0.1567813293215889,0.1585378213818963,0.0034412495718205,0.003435448717493,1.0
851.0,0.1649964716190692,0.156767862134066,0.1585823906249888,0.0032865810936949,0.0029894194856101,1.0
852.0,0.1649119812151015,0.1566766833767873,0.1586253089551964,0.0033269787353541,0.00329386085653,1.0
853.0,0.1648276236615391,0.1567074064394892,0.1586322575056294,0.0034200546282252,0.0033854485905147,1.0
854.0,0.164815464288926,0.1563980420111354,0.1586360732172273,0.0032486269053474,0.0032298024889209,1.0
855.0,0.1648068937371656,0.156147576910673,0.1586387711311068,0.0035237686349781,0.0034562663866291,1.0
856.0,0.1647588017254406,0.1562987300492716,0.1586386272477624,0.0036095680914722,0.0035151434002231,1.0
857.0,0.1646962705348696,0.1561041610308935,0.1586244973759731,0.0031455250915627,0.0030951933555431,1.0
858.0,0.1646412192720597,0.1560221332658029,0.158631626691504,0.0035474296167336,0.0034663566889821,1.0
859.0,0.1645792948146185,0.1560333087498437,0.1586588819725408,0.0035157603030955,0.0034323839153678,1.0
860.0,0.1641959174800538,0.1565289075022326,0.1586364194871042,0.0031934625197931,0.0031321649893531,1.0
861.0,0.1641757515193185,0.1562873778600303,0.1586453112476272,0.0036008838609066,0.0035077071551679,1.0
862.0,0.1643479693807176,0.1559784291098264,0.15865368611384,0.0033258549618913,0.0032683127174286,1.0
863.0,0.1646369817161102,0.1559862524268903,0.1586192725427997,0.0034670219679426,0.0033691800624396,1.0
864.0,0.164572106958888,0.1560207255855175,0.1586476200878172,0.0036637364935164,0.0035522734598841,1.0
865.0,0.1644027714558436,0.1560362641695893,0.1586680676157552,0.0031366493588476,0.003103120643475,1.0
866.0,0.1642112954130577,0.1560245293610936,0.1586693728966959,0.0034197071220481,0.003395272507441,1.0
867.0,0.1642047866095105,0.1560344935462427,0.1586716323024471,0.0035511039678804,0.0035127452835249,1.0
868.0,0.1640553994866724,0.1560422313887948,0.1586746913924349,0.0033313594521401,0.0032634243974928,1.0
869.0,0.163817082344744,0.1560627280876312,0.1586770196634878,0.0036027977109425,0.0034509520758505,1.0
870.0,0.1638238180920605,0.1562721634113948,0.1586569418911201,0.003361047922179,0.0032261198963141,1.0
871.0,0.1637661888330181,0.1561709579957598,0.158664448145814,0.003239612148711,0.0031400013285116,1.0
872.0,0.1637111029147507,0.1560907776972637,0.1586783326688306,0.0036757247263548,0.0035715365093858,1.0
873.0,0.1636768866204589,0.1560865386546359,0.1586889040368691,0.0032134677463503,0.0031539212462248,1.0
874.0,0.1635740984221706,0.1560777348223821,0.1586938854852405,0.0033482306782742,0.0032612879683724,1.0
875.0,0.1634406005695909,0.1560733913286413,0.158696161432632,0.003609799023028,0.0035141102828436,1.0
876.0,0.1633389484265293,0.1560652008249637,0.158696649432604,0.0034095015296305,0.0033179204811064,1.0
877.0,0.1634116459131717,0.155988172871939,0.1586986681890846,0.0036834682172879,0.0035403271903642,1.0
878.0,0.1633394572278623,0.1561615793081024,0.1587018726545427,0.003621671592081,0.0034630142993401,1.0
879.0,0.1632977661696442,0.1562945500247704,0.1587029673200464,0.0032538539367692,0.0031240058063835,1.0
880.0,0.1632886950305078,0.1562882316241437,0.1587029244047573,0.0036011292309527,0.0034530436586045,1.0
