sample_id,solarcell,blackmli,kaptonhn,dunmore,thermalbrightn,kaptonws
0,0.5962225817045373,0.0,0.0,0.22684540815662846,0.0,0.17693201013883422
1,0.5932160989593709,0.24488046417575066,0.0,0.0,0.0,0.1619034368648784
2,0.5732511509900979,0.23465769532836073,0.0,0.0,0.1920911536815413,0.0
3,0.5749614979730053,0.0,0.0,0.2806155297736357,0.14442297225335904,0.0
4,0.5763621753367988,0.0,0.29376806840414577,0.0,0.1298697562590555,0.0
5,0.5641548917597833,0.29388837977914456,0.0,0.0,0.14195672846107224,0.0
6,0.5790253378589656,0.0,0.22825339843853523,0.0,0.1927212637024991,0.0
7,0.5768228413634341,0.0,0.0,0.23851979052320782,0.18465736811335814,0.0
8,0.5268431218319146,0.27775232620471324,0.0,0.0,0.0,0.19540455196337217
9,0.5832452228802122,0.0,0.0,0.2917577661648085,0.12499701095497918,0.0
10,0.5830982935419308,0.0,0.0,0.2258434650903629,0.1910582413677062,0.0
11,0.5976184221173855,0.22330069029957186,0.0,0.0,0.17908088758304277,0.0
12,0.5950185041699598,0.0,0.0,0.22980866411434314,0.0,0.17517283171569692
13,0.5545360784226546,0.273059606460454,0.0,0.0,0.17240431511689144,0.0
14,0.5730610164647348,0.23221516528743846,0.0,0.0,0.0,0.19472381824782686
15,0.5492862390604555,0.0,0.0,0.2864172935614344,0.1642964673781101,0.0
16,0.5447384999621326,0.0,0.0,0.25671828256081447,0.19854321747705286,0.0
17,0.5799054427224046,0.22678587603165945,0.0,0.0,0.1933086812459359,0.0
18,0.5618453706765997,0.0,0.28428458266747203,0.0,0.0,0.1538700466559282
19,0.5506681542030785,0.25982498195860354,0.0,0.0,0.0,0.18950686383831802
20,0.5553189643946279,0.2821080878680322,0.0,0.0,0.16257294773734,0.0
21,0.5806034081500149,0.0,0.2480468474321767,0.0,0.17134974441780843,0.0
22,0.5417177224236969,0.0,0.0,0.2698581380716054,0.18842413950469772,0.0
23,0.5870257743138863,0.0,0.2383959952486983,0.0,0.0,0.17457823043741558
24,0.5617406973927984,0.0,0.0,0.26581647877647163,0.0,0.17244282383072984
25,0.5857984318467863,0.0,0.0,0.2686616373476146,0.14553993080559924,0.0
26,0.5460718990935732,0.0,0.27996880323965195,0.0,0.17395929766677468,0.0
27,0.5319637512896861,0.0,0.2924001295877556,0.0,0.17563611912255847,0.0
28,0.5615640512690635,0.0,0.27809728295273917,0.0,0.16033866577819736,0.0
29,0.5597290291130009,0.0,0.26122200102819754,0.0,0.0,0.1790489698588015
30,0.5598797149580267,0.0,0.0,0.24348312578497136,0.19663715925700198,0.0
31,0.5456692716353353,0.0,0.0,0.2752428070361904,0.1790879213284742,0.0
32,0.580493234317701,0.2875769020397771,0.0,0.0,0.0,0.1319298636425218
33,0.5784166146474087,0.0,0.25595006131457065,0.0,0.16563332403802078,0.0
34,0.5787693250779025,0.0,0.25214292868646754,0.0,0.0,0.16908774623562997
35,0.5704976095812143,0.0,0.28814287591716564,0.0,0.0,0.14135951450161996
36,0.5380529469423011,0.0,0.0,0.2818073665730043,0.0,0.1801396864846945
37,0.5147408285854245,0.2876838960728093,0.0,0.0,0.19757527534176625,0.0
38,0.5978003539426512,0.0,0.0,0.20447363351378095,0.19772601254356792,0.0
39,0.5327745576707087,0.0,0.28360198479529947,0.0,0.1836234575339919,0.0
40,0.5601893728981581,0.272376837326724,0.0,0.0,0.0,0.16743378977511797
41,0.5367532280841812,0.2921840954829315,0.0,0.0,0.17106267643288736,0.0
42,0.5683284946353921,0.0,0.0,0.2725731236783847,0.1590983816862233,0.0
43,0.5270873838900388,0.2795495629610548,0.0,0.0,0.0,0.19336305314890626
44,0.563146519519296,0.27701683441003466,0.0,0.0,0.15983664607066939,0.0
45,0.5642181249918911,0.0,0.0,0.24600464160814126,0.1897772333999678,0.0
46,0.5302783225889058,0.2788667837234854,0.0,0.0,0.0,0.1908548936876087
47,0.5898756511057371,0.21446647953000092,0.0,0.0,0.1956578693642619,0.0
48,0.5632989164270081,0.0,0.2695613556394791,0.0,0.16713972793351284,0.0
49,0.5615221923888045,0.0,0.0,0.2552597172678953,0.0,0.18321809034330008
50,0.5562224470510889,0.28500914072150474,0.0,0.0,0.0,0.15876841222740629
51,0.5872961092700351,0.0,0.21523816959261424,0.0,0.19746572113735064,0.0
52,0.5732605433278071,0.0,0.2476492446795579,0.0,0.0,0.179090211992635
53,0.5619293661436322,0.23948747392532338,0.0,0.0,0.0,0.1985831599310444
54,0.5771213552595938,0.0,0.0,0.28657560901664836,0.0,0.13630303572375788
55,0.5813341505532975,0.0,0.24884447909915172,0.0,0.0,0.16982137034755077
56,0.5148553567697339,0.0,0.2972787642371973,0.0,0.0,0.1878658789930686
57,0.5998956072264956,0.0,0.0,0.21949564576178965,0.18060874701171484,0.0
58,0.5726432712091918,0.0,0.0,0.271559920277176,0.15579680851363215,0.0
59,0.5734276912948847,0.0,0.0,0.2659716502395591,0.0,0.16060065846555627
60,0.5682205768022264,0.0,0.0,0.26800124577918777,0.16377817741858586,0.0
61,0.5969018918517978,0.0,0.0,0.2850599326324241,0.11803817551577828,0.0
62,0.5706451712951038,0.299598632843127,0.0,0.0,0.0,0.12975619586176904
63,0.5844809378891802,0.2415950011353226,0.0,0.0,0.17392406097549715,0.0
64,0.5887239288072701,0.2854646636793582,0.0,0.0,0.12581140751337166,0.0
65,0.5940947813518,0.2622419830800625,0.0,0.0,0.1436632355681374,0.0
66,0.5458104139002979,0.0,0.27834632156076283,0.0,0.17584326453893928,0.0
67,0.5858987911254381,0.0,0.2456310914006045,0.0,0.16847011747395754,0.0
68,0.5406577463297308,0.2673393496533082,0.0,0.0,0.0,0.19200290401696102
69,0.5474074958816152,0.0,0.0,0.2604100972742405,0.19218240684414417,0.0
70,0.5966089263117367,0.0,0.0,0.29175222686220464,0.0,0.11163884682605868
71,0.5380109596870579,0.0,0.0,0.26683727430433785,0.0,0.1951517660086041
72,0.5656193901238863,0.0,0.0,0.26393874850671334,0.17044186136940037,0.0
73,0.5932569793106184,0.0,0.2533170199580338,0.0,0.0,0.15342600073134774
74,0.5543886232965707,0.0,0.0,0.24614739856034965,0.19946397814307973,0.0
75,0.5564843415107469,0.0,0.2794142850416437,0.0,0.0,0.1641013734476095
76,0.5249560386800193,0.2786952576403766,0.0,0.0,0.196348703679604,0.0
77,0.5583212094167033,0.0,0.275685487739019,0.0,0.16599330284427774,0.0
78,0.5644477098971925,0.0,0.24832923056996564,0.0,0.0,0.18722305953284188
79,0.5683632285875999,0.0,0.0,0.27858059540387475,0.15305617600852525,0.0
80,0.5812977762627441,0.21904838301579652,0.0,0.0,0.1996538407214594,0.0
81,0.5866601962334215,0.0,0.22874752822649844,0.0,0.18459227554008,0.0
82,0.5967161341217639,0.21074339333710632,0.0,0.0,0.1925404725411298,0.0
83,0.5288015652797634,0.0,0.0,0.29747696026781867,0.17372147445241776,0.0
84,0.5699207559152231,0.2425893992009403,0.0,0.0,0.0,0.18748984488383671
85,0.5774389862919347,0.0,0.2816044123069063,0.0,0.0,0.14095660140115898
86,0.5954616139808941,0.0,0.0,0.28476536782085216,0.1197730181982536,0.0
87,0.594557343214385,0.2587785931389016,0.0,0.0,0.0,0.1466640636467133
88,0.5048509294689217,0.0,0.2990642910942551,0.0,0.0,0.19608477943682326
89,0.5896433493137877,0.27942769955351104,0.0,0.0,0.13092895113270114,0.0
90,0.556991712187727,0.265479288039511,0.0,0.0,0.17752899977276182,0.0
91,0.5853044798819972,0.0,0.0,0.24292702523538037,0.17176849488262244,0.0
92,0.5217498633473576,0.2855340905577922,0.0,0.0,0.19271604609485019,0.0
93,0.5405332941402702,0.0,0.0,0.28865008402500647,0.0,0.1708166218347234
94,0.5277176751675465,0.2758829968884276,0.0,0.0,0.19639932794402606,0.0
95,0.5879105028092984,0.0,0.0,0.23833431893406465,0.0,0.1737551782566371
96,0.5435977033958157,0.0,0.0,0.2741626836675354,0.0,0.18223961293664892
97,0.586499352585331,0.0,0.0,0.21998026187354264,0.0,0.19352038554112636
98,0.5648663536048364,0.29225710128091037,0.0,0.0,0.14287654511425335,0.0
99,0.5874180018058214,0.0,0.2503075110998298,0.0,0.0,0.16227448709434888
100,0.5588474005065208,0.0,0.2942511993001043,0.0,0.14690140019337475,0.0
101,0.5365717450633041,0.0,0.0,0.29328543263221346,0.1701428223044824,0.0
102,0.5976674871499904,0.0,0.27005583824176205,0.0,0.0,0.1322766746082475
103,0.5486289523653277,0.2958514306693978,0.0,0.0,0.0,0.15551961696527444
104,0.5893298851482912,0.27526518317878595,0.0,0.0,0.0,0.13540493167292295
105,0.564247312518658,0.0,0.2459148606908553,0.0,0.18983782679048666,0.0
106,0.5183177285270691,0.0,0.0,0.28252963979166723,0.0,0.19915263168126363
107,0.5383577755759623,0.0,0.0,0.29446831218212044,0.16717391224191727,0.0
108,0.5820944743558026,0.0,0.0,0.23066597201871397,0.18723955362548328,0.0
109,0.5877190374442441,0.25013560259348694,0.0,0.0,0.16214535996226878,0.0
110,0.5544252693647628,0.0,0.2841673050949222,0.0,0.16140742554031504,0.0
111,0.5258006947278562,0.2747690630989514,0.0,0.0,0.0,0.1994302421731924
112,0.5342437228893735,0.0,0.2946975260872705,0.0,0.0,0.1710587510233561
113,0.5718158448980334,0.0,0.0,0.23668498979888805,0.19149916530307864,0.0
114,0.5642361371667984,0.25410611231824554,0.0,0.0,0.0,0.18165775051495614
115,0.5138826710833343,0.0,0.2910772944651118,0.0,0.19504003445155385,0.0
116,0.5817675785700247,0.24560157951061112,0.0,0.0,0.0,0.1726308419193642
117,0.5734851349643634,0.0,0.0,0.23535065527337307,0.19116420976226356,0.0
118,0.5672622567588274,0.0,0.26420868317255053,0.0,0.0,0.16852906006862212
119,0.5356295081517476,0.0,0.2891505211505571,0.0,0.0,0.17521997069769532
120,0.5920607259490082,0.2946510311810962,0.0,0.0,0.11328824286989557,0.0
121,0.567674298773545,0.0,0.27287142757260463,0.0,0.0,0.15945427365385037
122,0.597728758140473,0.0,0.21221206957998326,0.0,0.1900591722795437,0.0
123,0.5965607618719937,0.2461541608702556,0.0,0.0,0.15728507725775065,0.0
124,0.5849849058721283,0.29067316580841185,0.0,0.0,0.0,0.12434192831945991
125,0.5489395216158584,0.0,0.278196112157301,0.0,0.17286436622684082,0.0
126,0.5638127054993328,0.0,0.0,0.2606219980268352,0.0,0.17556529647383193
127,0.547088704997222,0.26659567178791893,0.0,0.0,0.0,0.18631562321485912
128,0.5798011889164969,0.0,0.2982226742000364,0.0,0.0,0.12197613688346672
129,0.5835527717148766,0.22623902381259567,0.0,0.0,0.0,0.1902082044725277
130,0.543665081739994,0.28506566006512923,0.0,0.0,0.17126925819487693,0.0
131,0.5938301277229424,0.22676324058346675,0.0,0.0,0.0,0.1794066316935908
132,0.5949578700961464,0.22120267625892095,0.0,0.0,0.18383945364493248,0.0
133,0.5847428571559096,0.0,0.0,0.24593026394460563,0.16932687889948483,0.0
134,0.5519924694301901,0.0,0.2657654911501061,0.0,0.18224203941970374,0.0
135,0.5792827870481971,0.24673219970953653,0.0,0.0,0.0,0.17398501324226634
136,0.5788801323530725,0.0,0.28083953004969325,0.0,0.14028033759723438,0.0
137,0.5800218445188596,0.0,0.25357712406185967,0.0,0.16640103141928084,0.0
138,0.587674695823179,0.0,0.2798932810677083,0.0,0.0,0.13243202310911276
139,0.5545958112759782,0.2656778879023906,0.0,0.0,0.17972630082163116,0.0
140,0.5776174364684895,0.22822866880604464,0.0,0.0,0.0,0.19415389472546585
141,0.541505791235011,0.0,0.0,0.27691223911094653,0.0,0.1815819696540424
142,0.540162377494403,0.0,0.27275047964273713,0.0,0.0,0.18708714286285982
143,0.5860740929992971,0.0,0.0,0.2562902877359338,0.0,0.15763561926476902
144,0.5736490518697055,0.0,0.29337037329430504,0.0,0.0,0.13298057483598943
145,0.5681660656447081,0.0,0.0,0.2879467355998701,0.0,0.1438871987554219
146,0.5390801639680296,0.0,0.2985053154840616,0.0,0.16241452054790873,0.0
147,0.5993439548866207,0.0,0.2589215237860773,0.0,0.14173452132730185,0.0
148,0.5851619947610557,0.26841844491221645,0.0,0.0,0.0,0.14641956032672793
149,0.5353561366042274,0.0,0.29914593255365235,0.0,0.16549793084212025,0.0
150,0.5752222577875675,0.0,0.22499657812803192,0.0,0.1997811640844006,0.0
151,0.5745596829717688,0.23186131035594934,0.0,0.0,0.0,0.19357900667228173
152,0.5191717869596782,0.0,0.2895661128833468,0.0,0.0,0.1912621001569749
153,0.582470225359361,0.24821178961863674,0.0,0.0,0.16931798502200224,0.0
154,0.5295154380047407,0.0,0.2916388206163821,0.0,0.17884574137887732,0.0
155,0.5694863021379383,0.0,0.0,0.2859268664690154,0.14458683139304618,0.0
156,0.5915972912549589,0.2574377452852915,0.0,0.0,0.0,0.1509649634597498
157,0.5518693667487464,0.0,0.2991436125119823,0.0,0.0,0.14898702073927123
158,0.5845546068994774,0.24433959673866512,0.0,0.0,0.0,0.17110579636185752
159,0.5929999881969088,0.29305756356350743,0.0,0.0,0.11394244823958374,0.0
160,0.5476630839091394,0.27018574929831635,0.0,0.0,0.0,0.18215116679254423
161,0.5862032643611363,0.0,0.28949523703579877,0.0,0.0,0.12430149860306491
162,0.59138856644506,0.25724820954181615,0.0,0.0,0.1513632240131238,0.0
163,0.5795670445193514,0.0,0.0,0.2498915391516119,0.1705414163290367,0.0
164,0.5499580745111848,0.0,0.0,0.2872878739585542,0.162754051530261,0.0
165,0.5741685169625467,0.0,0.0,0.28762516805941046,0.0,0.1382063149780428
166,0.5328938582459848,0.2794390851644469,0.0,0.0,0.18766705658956845,0.0
167,0.5078018211101875,0.0,0.29435414605238147,0.0,0.0,0.19784403283743107
168,0.5356915669039349,0.0,0.26457219224636813,0.0,0.0,0.19973624084969702
169,0.5508792995046423,0.0,0.0,0.26315912008468006,0.18596158041067765,0.0
170,0.5223837374197561,0.29728280889069547,0.0,0.0,0.1803334536895484,0.0
171,0.5811379842874947,0.0,0.0,0.2774160150676368,0.14144600064486854,0.0
172,0.5349457468665055,0.0,0.0,0.2899201426978054,0.17513411043568897,0.0
173,0.5710048998872539,0.0,0.0,0.2909443114653723,0.13805078864737383,0.0
174,0.5104440934068661,0.0,0.0,0.2960285762339065,0.19352733035922734,0.0
175,0.539111369053143,0.0,0.2897084842024342,0.0,0.17118014674442283,0.0
176,0.5688451209569321,0.2921729678853797,0.0,0.0,0.0,0.13898191115768815
177,0.5901970301425599,0.0,0.0,0.2758560645510544,0.13394690530638573,0.0
178,0.5465636713183075,0.0,0.27161484084460935,0.0,0.0,0.18182148783708318
179,0.545271545821967,0.0,0.2752908953186618,0.0,0.0,0.1794375588593711
180,0.58248919917557,0.0,0.0,0.2679260249120008,0.14958477591242922,0.0
181,0.560831977212266,0.27803486474178857,0.0,0.0,0.16113315804594544,0.0
182,0.5756845289263722,0.0,0.28860980397265207,0.0,0.13570566710097576,0.0
183,0.5535453001781672,0.0,0.28384540927705404,0.0,0.0,0.16260929054477882
184,0.5917359263700462,0.21148977383409018,0.0,0.0,0.19677429979586358,0.0
185,0.5416755833184298,0.2910922273959111,0.0,0.0,0.16723218928565903,0.0
186,0.5943434123677074,0.0,0.2682497876779734,0.0,0.1374067999543192,0.0
187,0.5726373005552173,0.0,0.23397920565598676,0.0,0.19338349378879585,0.0
188,0.5791324174298866,0.22159835248459755,0.0,0.0,0.0,0.19926923008551592
189,0.5993049382643144,0.0,0.0,0.21962567716316272,0.0,0.18106938457252283
190,0.5391061303511623,0.0,0.26744558345444647,0.0,0.0,0.1934482861943912
191,0.5548041038075503,0.270637452001688,0.0,0.0,0.17455844419076175,0.0
192,0.5945959321415929,0.2398157356703425,0.0,0.0,0.0,0.1655883321880646
193,0.5386783068934835,0.2779944024926054,0.0,0.0,0.18332729061391115,0.0
194,0.5974841430727479,0.0,0.2266101674239371,0.0,0.175905689503315,0.0
195,0.5403938044267194,0.0,0.27843035049506787,0.0,0.0,0.18117584507821283
196,0.5995202499220177,0.0,0.0,0.28954899906425013,0.11093075101373234,0.0
197,0.5663058097581963,0.27606559317591983,0.0,0.0,0.0,0.1576285970658838
198,0.561938977790069,0.0,0.28139177891812783,0.0,0.15666924329180326,0.0
199,0.5868769423891224,0.0,0.2814930553061883,0.0,0.0,0.1316300023046894
200,0.5870244038812381,0.0,0.0,0.22486723316507523,0.0,0.18810836295368677
201,0.5722002901217659,0.0,0.2722407391061684,0.0,0.15555897077206568,0.0
202,0.5993615835098776,0.2108184034021925,0.0,0.0,0.0,0.18982001308793006
203,0.518378642233024,0.0,0.0,0.2854533147588261,0.19616804300814983,0.0
204,0.5878994160392489,0.0,0.0,0.22781922623243123,0.0,0.18428135772831977
205,0.5857740090569737,0.0,0.2538269091163041,0.0,0.16039908182672216,0.0
206,0.5117874920346986,0.2942931215213691,0.0,0.0,0.19391938644393217,0.0
207,0.5539937451982259,0.0,0.26214440534026845,0.0,0.1838618494615056,0.0
208,0.5991642723668977,0.2251438718446868,0.0,0.0,0.0,0.17569185578841545
209,0.589734662836407,0.0,0.0,0.24002027564524142,0.17024506151835153,0.0
210,0.5743814164044805,0.0,0.0,0.2999192244435883,0.0,0.1256993591519312
211,0.5795451201263487,0.0,0.0,0.2394974047151435,0.18095747515850769,0.0
212,0.5822664640547806,0.0,0.28431608073851283,0.0,0.0,0.13341745520670653
213,0.5895252539336284,0.0,0.0,0.28218055586062046,0.0,0.12829419020575114
214,0.579438099938413,0.0,0.0,0.28309916214354564,0.13746273791804137,0.0
215,0.5941930243448452,0.0,0.26123491213303285,0.0,0.0,0.144572063522122
216,0.5383032298193026,0.0,0.0,0.28662178753879614,0.0,0.17507498264190124
217,0.5986763096699209,0.0,0.2735306135226812,0.0,0.0,0.12779307680739793
218,0.5846428709428564,0.0,0.21702461311056312,0.0,0.1983325159465804,0.0
219,0.5765175972892967,0.0,0.0,0.28745899936674557,0.0,0.13602340334395754
220,0.587428088636991,0.22537624189816252,0.0,0.0,0.1871956694648464,0.0
221,0.5730849841085613,0.0,0.24404101529298172,0.0,0.18287400059845677,0.0
222,0.560101717661625,0.0,0.27265796856527996,0.0,0.0,0.16724031377309506
223,0.5390825421947621,0.0,0.2633398276740554,0.0,0.19757763013118243,0.0
224,0.5738256001366353,0.0,0.2928225994335022,0.0,0.1333518004298626,0.0
225,0.548334842740128,0.0,0.0,0.2535553813895328,0.1981097758703393,0.0
226,0.5137402434609892,0.29732905416467165,0.0,0.0,0.18893070237433912,0.0
227,0.5851050756470844,0.0,0.2388299789286059,0.0,0.17606494542430973,0.0
228,0.5983167828490833,0.0,0.2799710291588269,0.0,0.0,0.12171218799208978
229,0.5625669979199754,0.29087425330715744,0.0,0.0,0.0,0.1465587487728671
230,0.5701975410242649,0.2894687272388602,0.0,0.0,0.0,0.14033373173687494
231,0.5334477979448301,0.296007989261087,0.0,0.0,0.0,0.17054421279408274
232,0.5915498011399283,0.0,0.0,0.28270684340969865,0.0,0.12574335545037316
233,0.5764722051565725,0.2360747043986709,0.0,0.0,0.18745309044475655,0.0
234,0.5374943287085973,0.0,0.0,0.28499225205653517,0.0,0.17751341923486766
235,0.5611883506015488,0.0,0.0,0.2882834525752745,0.15052819682317672,0.0
236,0.5824075943906386,0.0,0.0,0.24187191602382774,0.1757204895855337,0.0
237,0.591584823462544,0.23807496147642246,0.0,0.0,0.17034021506103356,0.0
238,0.5775101567206389,0.0,0.0,0.2955920692986736,0.0,0.12689777398068755
239,0.5560412441681991,0.0,0.0,0.28641752582357455,0.0,0.15754123000822626
240,0.5947846132173579,0.0,0.2922217634150243,0.0,0.11299362336761783,0.0
241,0.5441923321994417,0.27502677487867905,0.0,0.0,0.0,0.180780892921879
242,0.5799552642387684,0.0,0.0,0.2835460759485023,0.0,0.1364986598127294
243,0.5370717294901078,0.0,0.26920937497465236,0.0,0.0,0.1937188955352398
244,0.5924714955377541,0.0,0.22522597092551613,0.0,0.18230253353672973,0.0
245,0.5819578796666673,0.0,0.0,0.2257491501751082,0.19229297015822433,0.0
246,0.5872725609095658,0.22667267460877147,0.0,0.0,0.18605476448166275,0.0
247,0.5406764014319966,0.2721900983644282,0.0,0.0,0.0,0.18713350020357525
248,0.5744892990140281,0.0,0.2461529873788889,0.0,0.17935771360708308,0.0
249,0.5860904860467564,0.0,0.25682798188805406,0.0,0.0,0.15708153206518957
250,0.534472958590025,0.29479517576193787,0.0,0.0,0.0,0.1707318656480372
251,0.5658851301066229,0.25358060234683644,0.0,0.0,0.18053426754654067,0.0
252,0.5625777066077573,0.2779628419161307,0.0,0.0,0.1594594514761121,0.0
253,0.5943533179841122,0.0,0.0,0.2518320473762861,0.0,0.15381463463960174
254,0.597576842930089,0.0,0.29759570535920693,0.0,0.1048274517107041,0.0
255,0.5817118490372506,0.0,0.0,0.2995871520119604,0.0,0.11870099895078909
256,0.5950281159393488,0.24387795401800835,0.0,0.0,0.16109393004264272,0.0
257,0.5905571115098881,0.0,0.0,0.21360048766398348,0.0,0.19584240082612844
258,0.5620348184321198,0.2942731911945612,0.0,0.0,0.14369199037331895,0.0
259,0.5379376797558648,0.0,0.0,0.2723577605356594,0.18970455970847572,0.0
260,0.5840078322355683,0.0,0.0,0.25482663411294887,0.0,0.16116553365148287
261,0.5767457235063733,0.0,0.24180786438822122,0.0,0.1814464121054055,0.0
262,0.5863229024857107,0.2582067661156767,0.0,0.0,0.0,0.15547033139861247
263,0.5716398841842407,0.0,0.277756760675557,0.0,0.0,0.15060335514020232
264,0.5888337856796424,0.0,0.0,0.2278075810978519,0.0,0.18335863322250578
265,0.5134107928036226,0.0,0.0,0.2945936346233154,0.0,0.19199557257306202
266,0.5844595041386643,0.25413317736640295,0.0,0.0,0.0,0.16140731849493264
267,0.5472417838173678,0.0,0.25932691288372617,0.0,0.19343130329890598,0.0
268,0.5849795494554402,0.277762608858329,0.0,0.0,0.0,0.13725784168623104
269,0.598187535568137,0.0,0.0,0.21100117500420928,0.0,0.19081128942765374
270,0.5910950119267109,0.0,0.28371857687274266,0.0,0.0,0.12518641120054638
271,0.5208539104556006,0.0,0.28665320549200757,0.0,0.1924928840523919,0.0
272,0.5973419189161918,0.0,0.0,0.2299961955020449,0.17266188558176324,0.0
273,0.5657554899011555,0.0,0.2735020143856599,0.0,0.0,0.16074249571318464
274,0.5848720025348938,0.0,0.29267132139246355,0.0,0.1224566760726426,0.0
275,0.5520278227595596,0.2496055438984137,0.0,0.0,0.19836663334202662,0.0
276,0.5837809838004956,0.22860320270018444,0.0,0.0,0.18761581349932002,0.0
277,0.5099378842807745,0.0,0.2922511752629972,0.0,0.0,0.19781094045622846
278,0.5708230834441466,0.0,0.0,0.27986667851625646,0.0,0.1493102380395968
279,0.5799567991569475,0.0,0.24985833780172545,0.0,0.0,0.1701848630413271
280,0.5789034676760899,0.0,0.25038962816217647,0.0,0.0,0.17070690416173365
281,0.5188976640227471,0.0,0.29807037734450953,0.0,0.0,0.1830319586327435
282,0.5577352321552973,0.0,0.27870274005766177,0.0,0.0,0.16356202778704085
283,0.5308864243294846,0.0,0.0,0.2934604776519609,0.17565309801855444,0.0
284,0.5524841071898384,0.0,0.25468139714175325,0.0,0.1928344956684085,0.0
285,0.5103716405618124,0.0,0.29256598700297487,0.0,0.19706237243521255,0.0
286,0.5411158650273542,0.0,0.0,0.27064042982377357,0.18824370514887223,0.0
287,0.5776311774178207,0.0,0.0,0.2789299378037337,0.14343888477844563,0.0
288,0.5754377696379821,0.0,0.0,0.2683278463082665,0.0,0.15623438405375142
289,0.5529328966406932,0.25933073359085124,0.0,0.0,0.0,0.18773636976845565
290,0.5420704043882789,0.0,0.2955096613526077,0.0,0.16241993425911339,0.0
291,0.5935143737652187,0.0,0.0,0.24218959715514318,0.0,0.1642960290796382
292,0.5801559192116809,0.2389037845946272,0.0,0.0,0.0,0.1809402961936918
293,0.5961443193569214,0.20608087065626238,0.0,0.0,0.19777480998681626,0.0
294,0.533522866344449,0.0,0.0,0.2769150713205248,0.18956206233502626,0.0
295,0.5976770666709803,0.0,0.0,0.23200553659920892,0.0,0.17031739672981072
296,0.5647633194102075,0.2589496337883807,0.0,0.0,0.0,0.1762870468014118
297,0.5160613554001882,0.0,0.2859894314304545,0.0,0.19794921316935732,0.0
298,0.5887607741821614,0.0,0.0,0.23010833224722338,0.0,0.18113089357061524
299,0.5749052819809657,0.24648327159045794,0.0,0.0,0.1786114464285763,0.0
300,0.5825781921005267,0.0,0.0,0.27255416743397,0.14486764046550332,0.0
301,0.537621327163672,0.0,0.0,0.2982549059864462,0.0,0.16412376684988184
302,0.5425134287600437,0.2877008627994423,0.0,0.0,0.0,0.169785708440514
303,0.5419572500839569,0.2723072578215618,0.0,0.0,0.0,0.18573549209448134
304,0.5384332661863633,0.0,0.27758432415679396,0.0,0.1839824096568428,0.0
305,0.5521402886023958,0.0,0.2537882614020004,0.0,0.0,0.19407144999560363
306,0.5905726592854329,0.0,0.22468371157223635,0.0,0.0,0.18474362914233075
307,0.5812686496358904,0.26242514936659717,0.0,0.0,0.15630620099751244,0.0
308,0.546751541073356,0.0,0.2877034469129745,0.0,0.0,0.16554501201366958
309,0.5700573258030286,0.25140401430058784,0.0,0.0,0.17853865989638348,0.0
310,0.596080056697791,0.0,0.2803430112324188,0.0,0.0,0.1235769320697903
311,0.5943077034838001,0.21141213895086067,0.0,0.0,0.0,0.19428015756533923
312,0.5982741827781073,0.0,0.21464167509663076,0.0,0.1870841421252621,0.0
313,0.5694660212335846,0.0,0.0,0.2844896137290596,0.14604436503735577,0.0
314,0.5854101356899825,0.21567747360493703,0.0,0.0,0.19891239070508054,0.0
315,0.5940217088214566,0.0,0.0,0.21783632198577618,0.18814196919276724,0.0
316,0.5945753535824735,0.0,0.2713264028628835,0.0,0.134098243554643,0.0
317,0.5745557083275579,0.2909337986053171,0.0,0.0,0.0,0.13451049306712498
318,0.597451525412784,0.0,0.23720294593637306,0.0,0.0,0.165345528650843
319,0.5481894509477417,0.29358175341287795,0.0,0.0,0.0,0.15822879563938025
320,0.5213615062978179,0.0,0.2935194595774507,0.0,0.18511903412473155,0.0
321,0.5841547140073052,0.0,0.0,0.2740693659265089,0.0,0.14177592006618583
322,0.5660227608390953,0.0,0.0,0.2955093347991986,0.0,0.13846790436170614
323,0.5740223581615906,0.256566807581046,0.0,0.0,0.0,0.16941083425736328
324,0.556356789303855,0.2994625052731744,0.0,0.0,0.0,0.14418070542297065
325,0.5923133616704743,0.0,0.21828679360420208,0.0,0.18939984472532354,0.0
326,0.5936924697292209,0.0,0.0,0.2542098157790867,0.0,0.15209771449169243
327,0.5287076495641915,0.2991579701479533,0.0,0.0,0.0,0.17213438028785533
328,0.5727809118870061,0.26541310927533507,0.0,0.0,0.16180597883765882,0.0
329,0.5616455502251742,0.2933121920169269,0.0,0.0,0.14504225775789895,0.0
330,0.5876060501850772,0.2687032889071896,0.0,0.0,0.0,0.14369066090773328
331,0.5473792331694348,0.0,0.0,0.25696342144955225,0.0,0.19565734538101281
332,0.5562471557772787,0.0,0.0,0.2689966509287952,0.17475619329392617,0.0
333,0.5730410581367792,0.0,0.0,0.22884704905830452,0.19811189280491634,0.0
334,0.5742857722799295,0.0,0.0,0.2903146879926449,0.1353995397274257,0.0
335,0.5851467997774474,0.0,0.0,0.2582159466044935,0.0,0.15663725361805905
336,0.5907611441223422,0.29147594577692754,0.0,0.0,0.0,0.11776291010073028
337,0.566150493465165,0.0,0.2878009164896374,0.0,0.0,0.14604859004519768
338,0.590965870938623,0.0,0.0,0.28400364665890016,0.0,0.12503048240247686
339,0.5552253104864573,0.0,0.2750974284706355,0.0,0.16967726104290717,0.0
340,0.586331082003651,0.0,0.22230933324556143,0.0,0.19135958475078754,0.0
341,0.5337039398346606,0.0,0.0,0.27219342542792946,0.0,0.19410263473741
342,0.596217253560259,0.2792722223661892,0.0,0.0,0.12451052407355173,0.0
343,0.5912787194143174,0.0,0.278880000244424,0.0,0.0,0.1298412803412587
344,0.5415467398337607,0.2782593612331722,0.0,0.0,0.18019389893306714,0.0
345,0.5663237673278516,0.0,0.27365756553799425,0.0,0.0,0.16001866713415422
346,0.5949302209624163,0.0,0.2816898093516178,0.0,0.0,0.12337996968596582
347,0.5554832996251519,0.2543346023303677,0.0,0.0,0.0,0.19018209804448052
348,0.5916137821977165,0.0,0.0,0.2975994664950529,0.0,0.11078675130723042
349,0.5952974515042865,0.0,0.28004309265504396,0.0,0.0,0.12465945584066958
350,0.5851117828296517,0.0,0.0,0.29824599716799544,0.0,0.11664222000235278
351,0.5680846855213156,0.0,0.0,0.288432963476279,0.14348235100240525,0.0
352,0.5455874747523096,0.0,0.0,0.285230906606319,0.0,0.16918161864137146
353,0.5825783291652451,0.0,0.2614206760413852,0.0,0.15600099479336982,0.0
354,0.5841014937402496,0.0,0.0,0.2468283044434623,0.0,0.1690702018162882
355,0.5507059131290046,0.0,0.2577113968012758,0.0,0.19158269006971967,0.0
356,0.5594859231111732,0.0,0.29662117101562724,0.0,0.0,0.1438929058731997
357,0.5960217431743108,0.0,0.2704119076389353,0.0,0.0,0.13356634918675397
358,0.5964192283148744,0.28422006954473933,0.0,0.0,0.0,0.11936070214038626
359,0.5136082310245325,0.0,0.0,0.29813095861386496,0.0,0.18826081036160264
360,0.5633111762423627,0.25183624405450894,0.0,0.0,0.1848525797031283,0.0
361,0.565027908735697,0.267040128949455,0.0,0.0,0.0,0.16793196231484792
362,0.565261535447856,0.2669081588271009,0.0,0.0,0.0,0.16783030572504307
363,0.5580568862432472,0.0,0.277818931454157,0.0,0.16412418230259573,0.0
364,0.5583045208360095,0.0,0.2956564001067463,0.0,0.0,0.14603907905724428
365,0.5581883349728998,0.24889987816118242,0.0,0.0,0.0,0.19291178686591773
366,0.5788550366064983,0.0,0.2758492610163708,0.0,0.1452957023771309,0.0
367,0.5532891342292678,0.0,0.29488572505838795,0.0,0.1518251407123442,0.0
368,0.5365259250171224,0.29769631645667466,0.0,0.0,0.16577775852620294,0.0
369,0.5968102396369397,0.0,0.2930104042726684,0.0,0.11017935609039196,0.0
370,0.5834756094182144,0.23664589677367917,0.0,0.0,0.0,0.17987849380810636
371,0.5625230836213155,0.0,0.0,0.2574305263081292,0.0,0.1800463900705553
372,0.5681577597238603,0.23217395591530035,0.0,0.0,0.19966828436083942,0.0
373,0.5854005831545559,0.0,0.29612193542278104,0.0,0.0,0.11847748142266305
374,0.5818651493698836,0.29566130226673415,0.0,0.0,0.0,0.12247354836338213
375,0.5758719754157233,0.22527527642393644,0.0,0.0,0.19885274816034007,0.0
376,0.5833692494052569,0.0,0.0,0.2941443751329634,0.12248637546177979,0.0
377,0.5583013137850968,0.0,0.25987943155074833,0.0,0.18181925466415497,0.0
378,0.5325413895776768,0.29435428300297184,0.0,0.0,0.0,0.17310432741935128
379,0.5930631686793828,0.0,0.0,0.28619056640258483,0.0,0.12074626491803245
380,0.5622648015242204,0.0,0.26995805792332095,0.0,0.16777714055245863,0.0
381,0.5568188568439326,0.0,0.2602418443314914,0.0,0.18293929882457596,0.0
382,0.5688805416533924,0.2619523449192465,0.0,0.0,0.0,0.16916711342736096
383,0.5359808561991978,0.0,0.2812933047495929,0.0,0.0,0.1827258390512092
384,0.5714020847485145,0.0,0.0,0.2912268349721321,0.0,0.13737108027935344
385,0.5609045795894076,0.0,0.2754566786428298,0.0,0.16363874176776255,0.0
386,0.548150700410304,0.0,0.26337725875266277,0.0,0.18847204083703323,0.0
387,0.5991914798540504,0.0,0.2768640391865869,0.0,0.12394448095936274,0.0
388,0.5691404079291476,0.0,0.27238431138080577,0.0,0.0,0.15847528069004685
389,0.5895645046859642,0.0,0.0,0.24686397452677372,0.16357152078726203,0.0
390,0.5545469894907834,0.0,0.2953526176513942,0.0,0.1501003928578224,0.0
391,0.5675668638031771,0.28684602763199835,0.0,0.0,0.0,0.1455871085648244
392,0.586372352337005,0.0,0.0,0.21987980992501197,0.0,0.1937478377379829
393,0.5988997817655872,0.0,0.0,0.20730695238158503,0.19379326585282777,0.0
394,0.5612452442360066,0.0,0.27211194898546975,0.0,0.1666428067785235,0.0
395,0.5919783208394425,0.0,0.0,0.20994121171758445,0.0,0.198080467442973
396,0.5317783631014523,0.2742024979504543,0.0,0.0,0.19401913894809336,0.0
397,0.5525486055391454,0.29618372913661684,0.0,0.0,0.1512676653242377,0.0
398,0.5368751890091713,0.0,0.0,0.29841031973492627,0.0,0.16471449125590243
399,0.562371653090532,0.27469480231839677,0.0,0.0,0.16293354459107115,0.0
400,0.5761830518136318,0.0,0.0,0.25865096946588945,0.16516597872047864,0.0
401,0.5914836695767094,0.0,0.0,0.29082320959115954,0.0,0.11769312083213107
402,0.5328538770698784,0.29597095681966207,0.0,0.0,0.17117516611045963,0.0
403,0.5881862226453841,0.0,0.29591112585581963,0.0,0.0,0.11590265149879637
404,0.5925333775024332,0.2844020547351739,0.0,0.0,0.12306456776239294,0.0
405,0.5970144845566779,0.2049502100706885,0.0,0.0,0.19803530537263356,0.0
406,0.5385004822779957,0.27264125155843794,0.0,0.0,0.0,0.1888582661635663
407,0.585572595884228,0.0,0.29796923762319977,0.0,0.1164581664925722,0.0
408,0.5611484415861362,0.28217401891694455,0.0,0.0,0.0,0.1566775394969192
409,0.5802253336077746,0.0,0.27961431117281427,0.0,0.0,0.14016035521941106
410,0.573514594665704,0.0,0.0,0.2671870636838576,0.15929834165043827,0.0
411,0.5677860554219115,0.0,0.23478377063452624,0.0,0.19743017394356221,0.0
412,0.5658361664027509,0.2775783828239889,0.0,0.0,0.1565854507732601,0.0
413,0.5560877918906446,0.26399577373451927,0.0,0.0,0.1799164343748362,0.0
414,0.5412814066950301,0.0,0.0,0.26480323076830053,0.19391536253666936,0.0
415,0.5945758241786916,0.24681024895028034,0.0,0.0,0.1586139268710281,0.0
416,0.5904876222449099,0.0,0.20959411027452685,0.0,0.19991826748056324,0.0
417,0.5943757343130008,0.0,0.2440131197884564,0.0,0.1616111458985427,0.0
418,0.5650505208728326,0.23886117121824446,0.0,0.0,0.19608830790892307,0.0
419,0.5782539977524587,0.0,0.26168899369337045,0.0,0.16005700855417082,0.0
420,0.5162253484038023,0.0,0.0,0.2889651179026671,0.19480953369353057,0.0
421,0.57646266046719,0.0,0.0,0.2824394004066119,0.14109793912619803,0.0
422,0.5684925144938288,0.25623364263762644,0.0,0.0,0.17527384286854483,0.0
423,0.5678778464095784,0.0,0.24664602835086874,0.0,0.18547612523955284,0.0
424,0.5795580545556195,0.0,0.0,0.25765525069795964,0.1627866947464208,0.0
425,0.5582218446054583,0.2775853473561687,0.0,0.0,0.16419280803837305,0.0
426,0.5757446634877832,0.0,0.0,0.2582670153594499,0.1659883211527668,0.0
427,0.5825873042113634,0.0,0.29494579926795267,0.0,0.12246689652068385,0.0
428,0.5906073401922791,0.0,0.0,0.2919465970476854,0.0,0.11744606276003551
429,0.541313443967488,0.0,0.0,0.28668424782889784,0.17200230820361426,0.0
430,0.5509578214206241,0.0,0.0,0.24931166272727773,0.19973051585209833,0.0
431,0.5911404043163317,0.0,0.21762912555385486,0.0,0.0,0.1912304701298135
432,0.587364338029836,0.0,0.2413636585907545,0.0,0.17127200337940957,0.0
433,0.5905584487484068,0.0,0.0,0.23257361081694247,0.1768679404346508,0.0
434,0.5692156090038365,0.2334134808709806,0.0,0.0,0.0,0.1973709101251828
435,0.5692517883497341,0.0,0.0,0.28902411238977876,0.14172409926048715,0.0
436,0.5888515000525348,0.26945975990909654,0.0,0.0,0.14168874003836854,0.0
437,0.589439250276824,0.22114652761736986,0.0,0.0,0.18941422210580625,0.0
438,0.593924596568959,0.0,0.26400110500783847,0.0,0.14207429842320246,0.0
439,0.5931360849239856,0.27341175109974625,0.0,0.0,0.0,0.1334521639762681
440,0.5391097054441428,0.0,0.27735896489025835,0.0,0.18353132966559882,0.0
441,0.536712022989584,0.0,0.29435757112407723,0.0,0.0,0.16893040588633895
442,0.5587028007248959,0.0,0.26565681071537645,0.0,0.0,0.17564038855972766
443,0.5997968601344478,0.2773518508574841,0.0,0.0,0.0,0.12285128900806815
444,0.5971989300107985,0.0,0.2166985403735996,0.0,0.0,0.18610252961560197
445,0.5769778640276192,0.0,0.0,0.23334947215564342,0.0,0.18967266381673728
446,0.5573707206605033,0.2803161115526797,0.0,0.0,0.0,0.16231316778681693
447,0.5193483984180792,0.0,0.2910914114016144,0.0,0.0,0.1895601901803064
448,0.5809501686073115,0.25090546319893964,0.0,0.0,0.16814436819374895,0.0
449,0.5300281358620819,0.0,0.0,0.27316786889403555,0.0,0.1968039952438826
450,0.5825402888919655,0.26322938462636775,0.0,0.0,0.15423032648166682,0.0
451,0.5994034284292288,0.0,0.23453646643226905,0.0,0.0,0.16606010513850217
452,0.5958532026441906,0.0,0.0,0.2448721774232972,0.0,0.15927461993251213
453,0.5808942703986539,0.25159293472937466,0.0,0.0,0.16751279487197146,0.0
454,0.5923991302321995,0.0,0.0,0.2099792620536068,0.0,0.1976216077141938
455,0.582479926193128,0.0,0.2832365775179527,0.0,0.0,0.13428349628891936
456,0.594932444755436,0.0,0.0,0.2342741390079686,0.0,0.17079341623659527
457,0.5993836131142749,0.2771236025390355,0.0,0.0,0.0,0.12349278434668966
458,0.5281531085516978,0.0,0.0,0.28760178140402537,0.18424511004427688,0.0
459,0.5635642484436912,0.0,0.24625554750545856,0.0,0.0,0.19018020405085015
460,0.5763198313976458,0.0,0.0,0.27459804288593526,0.14908212571641907,0.0
461,0.5969699833321928,0.0,0.0,0.24566320508002043,0.15736681158778687,0.0
462,0.5541822217632075,0.0,0.0,0.2882276136826775,0.15759016455411504,0.0
463,0.593039090176312,0.0,0.2548763560589179,0.0,0.0,0.15208455376477012
464,0.5619543745787272,0.2685586890615918,0.0,0.0,0.0,0.169486936359681
465,0.5477607124549891,0.0,0.2635084517817981,0.0,0.0,0.1887308357632127
466,0.5109549817589193,0.0,0.0,0.28906579844022173,0.1999792198008588,0.0
467,0.5916558437270094,0.0,0.25778416853455605,0.0,0.15055998773843451,0.0
468,0.5684379129819492,0.0,0.0,0.24453383266911277,0.0,0.18702825434893788
469,0.5510288977615749,0.0,0.0,0.28848830729708524,0.0,0.16048279494133982
470,0.5499440914177401,0.0,0.0,0.2506392941570848,0.0,0.19941661442517514
471,0.543952484447715,0.0,0.0,0.2808642295384095,0.0,0.17518328601387548
472,0.5237085980912705,0.27772661484376315,0.0,0.0,0.0,0.19856478706496625
473,0.5835581820270329,0.0,0.0,0.28158401343607536,0.1348578045368918,0.0
474,0.5599787718013294,0.26758976611098106,0.0,0.0,0.17243146208768956,0.0
475,0.5912710355145859,0.21770067675409357,0.0,0.0,0.19102828773132052,0.0
476,0.5556266034406115,0.26909227874087527,0.0,0.0,0.0,0.1752811178185132
477,0.5955090744974931,0.0,0.0,0.296828756320663,0.0,0.10766216918184382
478,0.5419175279045166,0.0,0.2813618453120297,0.0,0.17672062678345363,0.0
479,0.5367624991117728,0.0,0.0,0.27761745441338564,0.18562004647484148,0.0
480,0.597355529378201,0.0,0.0,0.24828794319283873,0.0,0.1543565274289602
481,0.5766629477737165,0.27758553517531476,0.0,0.0,0.14575151705096873,0.0
482,0.5566091519431796,0.2753592286459612,0.0,0.0,0.0,0.16803161941085926
483,0.5652633602189262,0.0,0.2774721963225945,0.0,0.0,0.15726444345847934
484,0.5529451616010412,0.28787834537664003,0.0,0.0,0.0,0.1591764930223187
485,0.5732456964842237,0.27138199183077305,0.0,0.0,0.0,0.15537231168500312
486,0.58997588082669,0.2274917979396139,0.0,0.0,0.18253232123369606,0.0
487,0.5687969435764291,0.0,0.2617548666138728,0.0,0.169448189809698,0.0
488,0.5998378512557696,0.0,0.0,0.2828960807039057,0.0,0.11726606804032456
489,0.5808833131004819,0.2615589269583863,0.0,0.0,0.1575577599411317,0.0
490,0.5549003946173979,0.2806621724950086,0.0,0.0,0.0,0.16443743288759363
491,0.5925367136699483,0.0,0.2593134851897924,0.0,0.14814980114025922,0.0
492,0.5695362974819885,0.265917874654631,0.0,0.0,0.0,0.1645458278633804
493,0.5657011076490127,0.0,0.0,0.27132139806975325,0.16297749428123404,0.0
494,0.5918503067393883,0.0,0.0,0.22353858376429095,0.18461110949632067,0.0
495,0.5857628748831977,0.0,0.0,0.23277311685706345,0.181464008259739,0.0
496,0.5776483497802575,0.0,0.23313949568868045,0.0,0.0,0.18921215453106205
497,0.5449648557973975,0.0,0.29308696862954475,0.0,0.0,0.16194817557305766
498,0.5810790156638879,0.0,0.27663515851892134,0.0,0.0,0.1422858258171908
499,0.5378237754662887,0.0,0.0,0.2751596292067356,0.0,0.1870165953269757
500,0.5843313109752075,0.0,0.2369484677037358,0.0,0.17872022132105664,0.0
501,0.5399030076343625,0.26086098237408656,0.0,0.0,0.19923600999155092,0.0
502,0.5440669519771435,0.0,0.0,0.2840968798473526,0.17183616817550387,0.0
503,0.5467269239296016,0.25504513148818386,0.0,0.0,0.0,0.19822794458221446
504,0.537121305036998,0.0,0.28149331485270074,0.0,0.18138538011030136,0.0
505,0.5530933259264589,0.0,0.24754770437200888,0.0,0.0,0.19935896970153233
506,0.5689568079979861,0.2974789503637323,0.0,0.0,0.1335642416382815,0.0
507,0.5367613598431115,0.29625660181312624,0.0,0.0,0.16698203834376224,0.0
508,0.5737566252817718,0.0,0.0,0.24708115849209397,0.0,0.17916221622613407
509,0.5692511235612652,0.0,0.2558992228205982,0.0,0.17484965361813676,0.0
510,0.551195892187061,0.0,0.28520950851381716,0.0,0.0,0.16359459929912176
511,0.5807013866293095,0.2698147495420818,0.0,0.0,0.0,0.14948386382860873
512,0.5744538017540562,0.25348407913941573,0.0,0.0,0.17206211910652808,0.0
513,0.5992989812734161,0.0,0.0,0.26116263174474436,0.1395383869818396,0.0
514,0.5969409660283027,0.0,0.2916103420565038,0.0,0.0,0.11144869191519352
515,0.5786600367865337,0.24168678905162844,0.0,0.0,0.17965317416183793,0.0
516,0.5822642149596948,0.0,0.0,0.22276246908028619,0.19497331596001904,0.0
517,0.5655647404535481,0.28600580477616155,0.0,0.0,0.0,0.14842945477029038
518,0.5792048402360592,0.0,0.0,0.22698004594404322,0.0,0.1938151138198976
519,0.5341053202183512,0.2984264468181073,0.0,0.0,0.0,0.1674682329635415
520,0.5685136167039795,0.26155668143432864,0.0,0.0,0.0,0.16992970186169182
521,0.555969257956862,0.0,0.2544914624505158,0.0,0.0,0.18953927959262218
522,0.5855692818074765,0.0,0.2886102121517774,0.0,0.0,0.1258205060407461
523,0.5285402447029541,0.2756254712663755,0.0,0.0,0.0,0.1958342840306703
524,0.5515790573531577,0.2986227246049633,0.0,0.0,0.0,0.1497982180418789
525,0.540371188939782,0.0,0.0,0.2810912344910127,0.17853757656920533,0.0
526,0.5373057242215497,0.28637951107999154,0.0,0.0,0.1763147646984589,0.0
527,0.5169389901919886,0.0,0.2877603245335571,0.0,0.0,0.19530068527445424
528,0.5889540793169832,0.0,0.2634809585053094,0.0,0.14756496217770748,0.0
529,0.5869568138197985,0.0,0.25727028468066065,0.0,0.15577290149954082,0.0
530,0.561026653137333,0.2932072984949667,0.0,0.0,0.0,0.1457660483677003
531,0.5657772578581943,0.0,0.23770583465103873,0.0,0.0,0.19651690749076692
532,0.5395944207390605,0.0,0.2708962952616021,0.0,0.1895092839993374,0.0
533,0.591314452974972,0.0,0.2244576759945247,0.0,0.18422787103050317,0.0
534,0.5769983883444852,0.0,0.2714704619134806,0.0,0.0,0.15153114974203416
535,0.587810350909133,0.0,0.0,0.2863407462412284,0.0,0.1258489028496385
536,0.5993135351862866,0.0,0.0,0.2006884429634339,0.1999980218502796,0.0
537,0.5514342329025064,0.0,0.2845106855728256,0.0,0.0,0.1640550815246679
538,0.5823110989520764,0.23435399527153877,0.0,0.0,0.1833349057763848,0.0
539,0.587167793929562,0.0,0.26435392969719074,0.0,0.0,0.14847827637324734
540,0.5949798248537058,0.0,0.2855503400337781,0.0,0.11946983511251605,0.0
541,0.5867665562332676,0.0,0.25679314785455615,0.0,0.0,0.15644029591217617
542,0.5940854196558824,0.27920153406048265,0.0,0.0,0.0,0.1267130462836351
543,0.5916639149891961,0.0,0.0,0.2807543077073525,0.0,0.12758177730345133
544,0.5551340360922478,0.0,0.0,0.29733404114487755,0.14753192276287472,0.0
545,0.5980986182960407,0.22583681452233165,0.0,0.0,0.0,0.17606456718162752
546,0.5993395340566627,0.0,0.0,0.28654532126542626,0.0,0.11411514467791105
547,0.5856821745426355,0.28778468494543336,0.0,0.0,0.0,0.12653314051193112
548,0.5969323874953303,0.265681982485918,0.0,0.0,0.13738563001875168,0.0
549,0.5947162020001586,0.0,0.250011238858355,0.0,0.0,0.15527255914148633
550,0.585182310167225,0.0,0.25614816333612,0.0,0.15866952649665492,0.0
551,0.5857127019496238,0.0,0.0,0.24953177106295582,0.1647555269874205,0.0
552,0.5648483517162463,0.26647415691240073,0.0,0.0,0.16867749137135302,0.0
553,0.5513991672053206,0.0,0.0,0.2905378102189686,0.0,0.15806302257571078
554,0.5709685616957626,0.0,0.2926750852207755,0.0,0.0,0.13635635308346203
555,0.5792693959192713,0.0,0.26733084472339885,0.0,0.15339975935732975,0.0
556,0.5766408261672854,0.25405769399877237,0.0,0.0,0.1693014798339422,0.0
557,0.5869270523943878,0.22102058714594222,0.0,0.0,0.19205236045966995,0.0
558,0.5546011784050369,0.0,0.0,0.28118428941811796,0.0,0.16421453217684512
559,0.544442203909792,0.27153912860402035,0.0,0.0,0.0,0.18401866748618767
560,0.5231148733827861,0.2873140546986882,0.0,0.0,0.0,0.1895710719185257
561,0.5978718084546397,0.25418482098634254,0.0,0.0,0.0,0.14794337055901788
562,0.5286951095184953,0.0,0.0,0.29140159822748046,0.0,0.17990329225402404
563,0.5751606479876202,0.0,0.2652116050210919,0.0,0.0,0.15962774699128773
564,0.539986299667148,0.2912703555033065,0.0,0.0,0.16874334482954562,0.0
565,0.5450952255231316,0.0,0.26184637052964665,0.0,0.1930584039472218,0.0
566,0.5195189976470914,0.0,0.0,0.29249244842018796,0.18798855393272051,0.0
567,0.5698266601509677,0.0,0.0,0.27347720990939833,0.0,0.15669612993963397
568,0.5687322315102529,0.0,0.25141691349628503,0.0,0.0,0.1798508549934622
569,0.5961457946186697,0.0,0.22142081591257684,0.0,0.18243338946875348,0.0
570,0.583709305617103,0.2729634136332805,0.0,0.0,0.0,0.14332728074961654
571,0.5544620619970458,0.25230628147313866,0.0,0.0,0.19323165652981533,0.0
572,0.5241388759701776,0.0,0.0,0.28739394448624433,0.0,0.18846717954357806
573,0.5502932062376807,0.0,0.2799906583162657,0.0,0.16971613544605355,0.0
574,0.5771980605598896,0.24037326652243968,0.0,0.0,0.18242867291767065,0.0
575,0.515210295153517,0.0,0.29988845360856,0.0,0.0,0.184901251237923
576,0.5518044696107212,0.0,0.0,0.25410777217273556,0.0,0.1940877582165433
577,0.5420549814237862,0.0,0.27824316289026374,0.0,0.17970185568595004,0.0
578,0.5420028492267503,0.0,0.0,0.2700049850866905,0.0,0.1879921656865592
579,0.5875233467909283,0.2261612598865124,0.0,0.0,0.0,0.18631539332255928
580,0.5969497137487216,0.2926361135309136,0.0,0.0,0.0,0.11041417272036472
581,0.5971474388441333,0.0,0.0,0.23714754878897526,0.16570501236689145,0.0
582,0.5595292579952956,0.0,0.0,0.2606441897811076,0.0,0.17982655222359686
583,0.5724427492119464,0.0,0.0,0.25464599097415547,0.0,0.17291125981389818
584,0.5791112940782149,0.2914544792067183,0.0,0.0,0.0,0.12943422671506677
585,0.5720222483697505,0.29059691630370077,0.0,0.0,0.0,0.1373808353265487
586,0.5632231299937066,0.25837271783295984,0.0,0.0,0.17840415217333352,0.0
587,0.5818389940042001,0.27561895044399937,0.0,0.0,0.0,0.14254205555180038
588,0.5998265751388855,0.0,0.22092490444291002,0.0,0.0,0.17924852041820447
589,0.5456092230961317,0.26196059199818855,0.0,0.0,0.0,0.1924301849056798
590,0.5416225917995128,0.0,0.0,0.2970292128039525,0.0,0.16134819539653464
591,0.5845059373393942,0.0,0.0,0.21721890218557924,0.1982751604750266,0.0
592,0.5497495331348907,0.29255379700186857,0.0,0.0,0.15769666986324066,0.0
593,0.503502236200874,0.0,0.0,0.2991864248954493,0.0,0.1973113389036767
594,0.5452642939900234,0.2886918519122186,0.0,0.0,0.0,0.16604385409775793
595,0.5501981978817918,0.0,0.0,0.2857969290157456,0.0,0.16400487310246248
596,0.5671563665020091,0.0,0.25687807617579844,0.0,0.0,0.17596555732219257
597,0.5983607954962282,0.0,0.2896368438610746,0.0,0.0,0.11200236064269718
598,0.5737684910660715,0.22811253786430577,0.0,0.0,0.1981189710696226,0.0
599,0.5744921382571961,0.2928321566751763,0.0,0.0,0.1326757050676274,0.0
600,0.5292537060968251,0.0,0.0,0.29111161795141255,0.17963467595176227,0.0
601,0.5421208601638655,0.0,0.29900507078520566,0.0,0.1588740690509288,0.0
602,0.5998110021330393,0.20230440584364928,0.0,0.0,0.19788459202331138,0.0
603,0.5654852080883236,0.2808336504118054,0.0,0.0,0.1536811414998711,0.0
604,0.5784482719494054,0.2964897181452575,0.0,0.0,0.1250620099053371,0.0
605,0.5662209145699162,0.0,0.2680767032093225,0.0,0.0,0.16570238222076142
606,0.5580229255635771,0.0,0.0,0.28891352989720287,0.0,0.15306354453922003
607,0.5917733193178235,0.0,0.0,0.2143482032042044,0.0,0.1938784774779722
608,0.5616061694247946,0.28186285409264855,0.0,0.0,0.0,0.156530976482557
609,0.5418356171256439,0.0,0.2701962477655418,0.0,0.0,0.18796813510881424
610,0.5826121533011082,0.0,0.273914837386041,0.0,0.0,0.14347300931285076
611,0.5223314019249018,0.0,0.2812382265968735,0.0,0.0,0.19643037147822484
612,0.5216922647502167,0.2976486875796067,0.0,0.0,0.18065904767017665,0.0
613,0.563411334286429,0.0,0.0,0.2563852962402843,0.18020336947328683,0.0
614,0.5662127307234849,0.2525528274700492,0.0,0.0,0.0,0.18123444180646606
615,0.5963869488710423,0.250512596556633,0.0,0.0,0.1531004545723248,0.0
616,0.5914391068238103,0.0,0.0,0.24244783100485842,0.0,0.16611306217133132
617,0.5422433038093788,0.2669992840654134,0.0,0.0,0.0,0.1907574121252078
618,0.5959785143114618,0.0,0.26481824804295184,0.0,0.0,0.13920323764558637
619,0.598678184102818,0.0,0.0,0.23260669462923447,0.0,0.1687151212679474
620,0.5371969216925926,0.0,0.0,0.2755484136816224,0.0,0.187254664625785
621,0.5894641384770817,0.0,0.23636466304116874,0.0,0.1741711984817497,0.0
622,0.5369495944859393,0.2958236035863211,0.0,0.0,0.1672268019277396,0.0
623,0.561491577328807,0.0,0.25720290624246156,0.0,0.0,0.18130551642873152
624,0.5883649539940324,0.29622135836173147,0.0,0.0,0.0,0.11541368764423626
625,0.5587829871309364,0.29337157591567714,0.0,0.0,0.14784543695338645,0.0
626,0.5966116934608303,0.0,0.22433466857125614,0.0,0.17905363796791363,0.0
627,0.5583200111094331,0.0,0.0,0.28880923956575805,0.0,0.1528707493248089
628,0.5734805275275358,0.22806685952906688,0.0,0.0,0.0,0.19845261294339733
629,0.5509427342470501,0.0,0.0,0.2617127671042202,0.0,0.18734449864872968
630,0.5855328601851959,0.0,0.0,0.21921204615235088,0.0,0.19525509366245328
631,0.5892560966164369,0.0,0.24860238389021283,0.0,0.16214151949335034,0.0
632,0.5935462338276086,0.0,0.2882352874030347,0.0,0.11821847876935662,0.0
633,0.5829167864511547,0.0,0.22881330104150777,0.0,0.0,0.18826991250733746
634,0.5816780287691558,0.0,0.266719660937864,0.0,0.15160231029298024,0.0
635,0.589079014462791,0.23887588202798793,0.0,0.0,0.0,0.17204510350922125
636,0.5982246616903415,0.2264218584039743,0.0,0.0,0.0,0.1753534799056843
637,0.5399656149160308,0.0,0.0,0.28339942998967416,0.0,0.176634955094295
638,0.5911006259188144,0.0,0.0,0.2518155277315814,0.1570838463496042,0.0
639,0.5864523965203084,0.0,0.0,0.2526666278522877,0.0,0.16088097562740386
640,0.5827868747226065,0.0,0.27596977289494906,0.0,0.14124335238244454,0.0
641,0.5482652858893639,0.0,0.25818611770092553,0.0,0.0,0.19354859640971067
642,0.5832491833354243,0.0,0.0,0.25847840456438304,0.0,0.15827241210019258
643,0.5931087699929768,0.0,0.29915898151803716,0.0,0.10773224848898605,0.0
644,0.5820595708129261,0.2564291839524819,0.0,0.0,0.0,0.161511245234592
645,0.549571554614938,0.0,0.0,0.2767145461847278,0.17371389920033425,0.0
646,0.5949550337598508,0.21032162342824842,0.0,0.0,0.19472334281190076,0.0
647,0.535797769608596,0.28487343302819257,0.0,0.0,0.0,0.1793287973632114
648,0.5467643700311173,0.0,0.0,0.25656130080765305,0.1966743291612296,0.0
649,0.5531780357993921,0.29020283146798986,0.0,0.0,0.0,0.15661913273261807
650,0.5820341420252009,0.2880982534157893,0.0,0.0,0.0,0.12986760455900995
651,0.5854184846473061,0.0,0.2840739219488974,0.0,0.0,0.1305075934037965
652,0.5745891458285977,0.0,0.24821843080502928,0.0,0.0,0.17719242336637306
653,0.592080960668841,0.0,0.0,0.2602247004276902,0.0,0.14769433890346884
654,0.5300846190659932,0.0,0.0,0.28279514345869455,0.0,0.18712023747531217
655,0.5488565035494496,0.0,0.0,0.28301417162228304,0.0,0.16812932482826734
656,0.5616232254610162,0.0,0.0,0.2845733047736715,0.15380346976531234,0.0
657,0.5878151546551635,0.0,0.0,0.2127108694076724,0.0,0.19947397593716398
658,0.5657454891032538,0.2938853749535468,0.0,0.0,0.0,0.1403691359431993
659,0.5763224073062211,0.0,0.0,0.26816925022380744,0.0,0.1555083424699714
660,0.575341403046,0.0,0.0,0.2834844308890694,0.0,0.14117416606493066
661,0.5975803742950869,0.0,0.2995162726427952,0.0,0.10290335306211791,0.0
662,0.5648600748820188,0.0,0.2831137223139377,0.0,0.0,0.15202620280404341
663,0.5146475005562853,0.0,0.28609249440599444,0.0,0.0,0.1992600050377203
664,0.5997718659782486,0.0,0.0,0.2733060763545809,0.0,0.12692205766717068
665,0.588880067638493,0.0,0.0,0.279092337013522,0.13202759534798517,0.0
666,0.5265619954949567,0.291012689751234,0.0,0.0,0.18242531475380935,0.0
667,0.558937515706387,0.0,0.0,0.2579231480320456,0.1831393362615674,0.0
668,0.5234132812528345,0.28196848073719616,0.0,0.0,0.0,0.19461823800996933
669,0.5404818507385503,0.0,0.27196929651597385,0.0,0.0,0.18754885274547578
670,0.5942432590011458,0.2211435532529959,0.0,0.0,0.18461318774585833,0.0
671,0.5319687917443676,0.0,0.29879081386555834,0.0,0.0,0.16924039439007396
672,0.5975915295669666,0.22427062819359153,0.0,0.0,0.0,0.178137842239442
673,0.5672524279730273,0.0,0.24734477336717314,0.0,0.0,0.18540279865979956
674,0.5837989820622528,0.0,0.0,0.2555528474909975,0.0,0.16064817044674973
675,0.5752869502328551,0.0,0.0,0.2815594280899933,0.14315362167715165,0.0
676,0.5900304833616284,0.23655446522123597,0.0,0.0,0.17341505141713554,0.0
677,0.5650054874434677,0.23607660040223238,0.0,0.0,0.1989179121543,0.0
678,0.5631590647599226,0.0,0.2478055901549277,0.0,0.18903534508514983,0.0
679,0.5912673717558047,0.0,0.2334153194597627,0.0,0.0,0.17531730878443255
680,0.5448681878853504,0.0,0.25631795885064973,0.0,0.0,0.19881385326399992
681,0.5839462585268447,0.0,0.24660296105425308,0.0,0.0,0.16945078041890216
682,0.5619778532784812,0.2579682028128146,0.0,0.0,0.18005394390870427,0.0
683,0.5750749355978675,0.0,0.0,0.2280058638983979,0.0,0.19691920050373452
684,0.533709026633024,0.0,0.28882281352888467,0.0,0.0,0.17746815983809128
685,0.5731094089822949,0.0,0.2801408257366638,0.0,0.14674976528104125,0.0
686,0.5836240904873903,0.0,0.25535390865220114,0.0,0.16102200086040847,0.0
687,0.5918111407814949,0.0,0.21582207568693404,0.0,0.0,0.19236678353157108
688,0.5702430957374617,0.0,0.0,0.23217062939681876,0.19758627486571967,0.0
689,0.5859040999273524,0.24551067515810385,0.0,0.0,0.1685852249145438,0.0
690,0.5346758587772824,0.0,0.2787294731538637,0.0,0.0,0.1865946680688539
691,0.5960533485922087,0.0,0.29432389705547946,0.0,0.10962275435231178,0.0
692,0.5922533729039144,0.0,0.26873557220442057,0.0,0.0,0.13901105489166504
693,0.5715950410244508,0.26665753696605365,0.0,0.0,0.0,0.16174742200949543
694,0.5920159495793196,0.22354032852170927,0.0,0.0,0.18444372189897124,0.0
695,0.5836827908552917,0.286017016904757,0.0,0.0,0.0,0.13030019223995112
696,0.5371673904415425,0.0,0.0,0.2922168673903939,0.0,0.17061574216806366
697,0.5755457869186983,0.0,0.25275926188705866,0.0,0.0,0.171694951194243
698,0.5870069022367129,0.23723108352440328,0.0,0.0,0.0,0.17576201423888385
699,0.5415107830642691,0.0,0.26385133093224244,0.0,0.19463788600348828,0.0
700,0.5478699408447,0.0,0.0,0.27508788591053235,0.0,0.1770421732447677
701,0.56353177167926,0.0,0.0,0.27943760756435515,0.0,0.15703062075638488
702,0.5687044542690062,0.2655690547430323,0.0,0.0,0.0,0.16572649098796163
703,0.5423611416851889,0.0,0.2785296083666483,0.0,0.1791092499481629,0.0
704,0.5439231699581735,0.0,0.26463584060122075,0.0,0.0,0.19144098944060572
705,0.5208755495391917,0.0,0.27912514056461524,0.0,0.199999309896193,0.0
706,0.5610947417869097,0.0,0.0,0.2402543056106039,0.1986509526024864,0.0
707,0.5844327036949154,0.0,0.2197325224507938,0.0,0.19583477385429077,0.0
708,0.5792431128032554,0.0,0.0,0.2365404107913569,0.0,0.1842164764053877
709,0.5984670155467275,0.2439174271048185,0.0,0.0,0.0,0.1576155573484539
710,0.5701628218980636,0.2720992213232485,0.0,0.0,0.15773795677868788,0.0
711,0.5602265672737451,0.2682616567429655,0.0,0.0,0.17151177598328932,0.0
712,0.553987433420001,0.0,0.2820409704005186,0.0,0.16397159617948034,0.0
713,0.550838712551178,0.0,0.2744660057958135,0.0,0.17469528165300846,0.0
714,0.5597946409621729,0.0,0.0,0.26090840330567394,0.1792969557321531,0.0
715,0.5889186885520482,0.0,0.0,0.2476781007880002,0.0,0.16340321065995178
716,0.5802773161015778,0.0,0.2976618352586199,0.0,0.12206084863980221,0.0
717,0.5752898030683522,0.0,0.0,0.22703924558332506,0.1976709513483228,0.0
718,0.5603370271283162,0.266593160472691,0.0,0.0,0.17306981239899275,0.0
719,0.5405971764494251,0.0,0.286522879754839,0.0,0.0,0.17287994379573596
720,0.5665687527611218,0.257525230759313,0.0,0.0,0.0,0.1759060164795652
721,0.5513164717814344,0.0,0.0,0.29427046376091476,0.15441306445765088,0.0
722,0.5970640434196908,0.0,0.2894232074966866,0.0,0.0,0.11351274908362247
723,0.5435922803785508,0.0,0.29813920342913985,0.0,0.15826851619230936,0.0
724,0.5335221955345717,0.0,0.29721680644219317,0.0,0.0,0.16926099802323513
725,0.5864733906164593,0.0,0.0,0.22959114794508162,0.18393546143845918,0.0
726,0.5255544783305586,0.0,0.0,0.2808955200856179,0.19355000158382354,0.0
727,0.592325193547871,0.0,0.0,0.24224221924911762,0.1654325872030113,0.0
728,0.5874048247581171,0.0,0.21263806920280048,0.0,0.1999571060390825,0.0
729,0.544541921080137,0.26882618975390393,0.0,0.0,0.0,0.186631889165959
730,0.5871657150560143,0.0,0.0,0.23472125090733226,0.1781130340366534,0.0
731,0.5760820081849827,0.2703109667206225,0.0,0.0,0.15360702509439492,0.0
732,0.5521674490526797,0.0,0.0,0.28270809701310917,0.0,0.16512445393421113
733,0.5646439127209977,0.0,0.0,0.2828153858488944,0.0,0.15254070143010795
734,0.5401322164529386,0.293316766599843,0.0,0.0,0.0,0.16655101694721827
735,0.5791713452970958,0.2551992825968848,0.0,0.0,0.0,0.1656293721060194
736,0.5883907179305893,0.26880479121589973,0.0,0.0,0.14280449085351093,0.0
737,0.5758970751689627,0.0,0.2271765833371375,0.0,0.1969263414938998,0.0
738,0.5277095213520945,0.2911339924051807,0.0,0.0,0.0,0.18115648624272476
739,0.5171141790327853,0.0,0.2999130972663906,0.0,0.0,0.18297272370082393
740,0.5457834179771069,0.0,0.2808220152644956,0.0,0.17339456675839737,0.0
741,0.573213451686603,0.0,0.0,0.262229815318591,0.0,0.16455673299480603
742,0.5468467909492641,0.0,0.0,0.25387552296278604,0.19927768608794982,0.0
743,0.5233191652027281,0.0,0.28777985987888605,0.0,0.1889009749183858,0.0
744,0.5302000273406309,0.0,0.28249520073762036,0.0,0.18730477192174882,0.0
745,0.5848663024091739,0.0,0.0,0.25105578151761226,0.1640779160732137,0.0
746,0.5285032141378058,0.2967747058437134,0.0,0.0,0.0,0.17472208001848066
747,0.5888519180942026,0.2744274685882554,0.0,0.0,0.0,0.13672061331754212
748,0.5965516692481924,0.22462967864971764,0.0,0.0,0.0,0.17881865210209005
749,0.5807930933004231,0.0,0.24237727998399078,0.0,0.0,0.17682962671558622
750,0.5230711239828321,0.0,0.29852429572654643,0.0,0.0,0.17840458029062142
751,0.5876144083582704,0.0,0.0,0.2873585442333297,0.12502704740840004,0.0
752,0.5481558799221032,0.295779620085057,0.0,0.0,0.0,0.15606449999283983
753,0.5615542652811595,0.0,0.25374185336730065,0.0,0.1847038813515397,0.0
754,0.5673535137691981,0.0,0.0,0.23578919169680038,0.19685729453400164,0.0
755,0.5835673371277857,0.2695128709855283,0.0,0.0,0.0,0.14691979188668608
756,0.5533899128593336,0.0,0.0,0.26860054571974673,0.17800954142091976,0.0
757,0.5620539188659325,0.0,0.0,0.266732847100259,0.0,0.17121323403380853
758,0.5873713042235801,0.0,0.0,0.22783236697048687,0.18479632880593305,0.0
759,0.5716336710829495,0.0,0.0,0.2962028181142242,0.0,0.1321635108028263
760,0.5611452910682441,0.273344287265121,0.0,0.0,0.0,0.16551042166663496
761,0.5543477568210269,0.0,0.25767533127383296,0.0,0.18797691190514013,0.0
762,0.572471212351024,0.0,0.2460790117742524,0.0,0.0,0.1814497758747236
763,0.5714172928963512,0.0,0.2630022406640355,0.0,0.0,0.1655804664396134
764,0.5644456612068196,0.0,0.27269937231175556,0.0,0.0,0.16285496648142483
765,0.5512188621204372,0.29368698971596613,0.0,0.0,0.0,0.15509414816359682
766,0.5942535225603164,0.21101836824192624,0.0,0.0,0.1947281091977573,0.0
767,0.5966303659512843,0.0,0.22298860409053525,0.0,0.18038102995818062,0.0
768,0.5795949850090117,0.26654107048891346,0.0,0.0,0.0,0.15386394450207483
769,0.5451240196035694,0.0,0.2960625612800196,0.0,0.15881341911641092,0.0
770,0.5524988442467915,0.259101482420912,0.0,0.0,0.0,0.18839967333229649
771,0.5811419432964668,0.0,0.2234022540758858,0.0,0.0,0.1954558026276473
772,0.5994369496382403,0.0,0.2536838289458852,0.0,0.0,0.14687922141587456
773,0.564132944680063,0.0,0.2884851882693477,0.0,0.0,0.1473818670505893
774,0.5498725724032684,0.0,0.0,0.25953799896191676,0.0,0.19058942863481484
775,0.5275624484941425,0.2899855123663453,0.0,0.0,0.0,0.18245203913951227
776,0.5617319776268662,0.0,0.27184044213261815,0.0,0.1664275802405156,0.0
777,0.5838081774170336,0.28967213036435013,0.0,0.0,0.0,0.1265196922186163
778,0.5181408419614061,0.0,0.0,0.2902163063408746,0.0,0.19164285169771925
779,0.5557731262017773,0.29238462046842606,0.0,0.0,0.0,0.15184225332979662
780,0.5156041401304305,0.29792487689943364,0.0,0.0,0.0,0.18647098297013592
781,0.5813408891318131,0.0,0.0,0.29517942543594955,0.0,0.12347968543223725
782,0.5245324383259217,0.2913969710472268,0.0,0.0,0.18407059062685155,0.0
783,0.5762195289251356,0.0,0.2536663721033598,0.0,0.17011409897150453,0.0
784,0.5839326151173798,0.0,0.0,0.22654242273570893,0.0,0.18952496214691114
785,0.5869932652759722,0.0,0.0,0.25751375423786865,0.15549298048615934,0.0
786,0.5289631484794439,0.2971709849969003,0.0,0.0,0.1738658665236558,0.0
787,0.5745902382718054,0.0,0.0,0.22881193273041903,0.19659782899777564,0.0
788,0.5886979181866647,0.2730823966808338,0.0,0.0,0.0,0.13821968513250166
789,0.5277459744896053,0.0,0.284693609610286,0.0,0.0,0.1875604159001087
790,0.5638618541415962,0.0,0.0,0.23989536879618062,0.19624277706222318,0.0
791,0.5829845885045966,0.0,0.0,0.22437588493728972,0.0,0.19263952655811373
792,0.5562183463402677,0.0,0.0,0.2689881721664404,0.0,0.174793481493292
793,0.5718473716415583,0.0,0.0,0.2854709579361099,0.1426816704223318,0.0
794,0.5227641906796042,0.2890946146250216,0.0,0.0,0.0,0.18814119469537416
795,0.5830333249942291,0.0,0.2607233543767068,0.0,0.15624332062906407,0.0
796,0.5449115162385973,0.2925349502167494,0.0,0.0,0.0,0.16255353354465327
797,0.5483860908774616,0.0,0.0,0.2557294692419392,0.1958844398805993,0.0
798,0.5936174737088535,0.2920460852895162,0.0,0.0,0.11433644100163032,0.0
799,0.5669721466489247,0.23695387691749653,0.0,0.0,0.0,0.19607397643357885
800,0.588183947054439,0.0,0.0,0.2950998766391308,0.11671617630643015,0.0
801,0.5982531752322651,0.21512507920069174,0.0,0.0,0.0,0.18662174556704333
802,0.5786053430990299,0.0,0.26689842866069086,0.0,0.15449622824027925,0.0
803,0.5853913463551933,0.0,0.0,0.22333798279573736,0.0,0.19127067084906935
804,0.5818079972555965,0.0,0.2798658650686727,0.0,0.1383261376757308,0.0
805,0.5761849159270904,0.0,0.0,0.26566024684954687,0.0,0.15815483722336268
806,0.5315610766689751,0.0,0.292265327607079,0.0,0.17617359572394586,0.0
807,0.5801056984682634,0.26540403309241556,0.0,0.0,0.0,0.154490268439321
808,0.5726048142965348,0.0,0.234797963721983,0.0,0.1925972219814821,0.0
809,0.5760808557200767,0.25233895195527084,0.0,0.0,0.17158019232465244,0.0
810,0.5559343175361161,0.0,0.0,0.2920104773467206,0.1520552051171633,0.0
811,0.5638117241453516,0.0,0.2913860344171514,0.0,0.144802241437497,0.0
812,0.5841179032684954,0.0,0.0,0.24233930258772385,0.0,0.17354279414378074
813,0.5662002326151119,0.0,0.0,0.2864699958167856,0.1473297715681025,0.0
814,0.5874857966441692,0.0,0.0,0.28377553522761717,0.1287386681282135,0.0
815,0.5753413015442396,0.0,0.22922740791442175,0.0,0.0,0.19543129054133876
816,0.540935652696952,0.0,0.0,0.2838086727000595,0.0,0.17525567460298846
817,0.567969521055323,0.0,0.0,0.2508957385295987,0.0,0.18113474041507852
818,0.5426607027516237,0.2910917129938938,0.0,0.0,0.0,0.16624758425448244
819,0.5903844461341909,0.2566629546114413,0.0,0.0,0.0,0.15295259925436777
820,0.5626521172633762,0.0,0.28713292758948994,0.0,0.1502149551471339,0.0
821,0.5291159556797519,0.0,0.2809366229914616,0.0,0.0,0.1899474213287865
822,0.5924097782294149,0.0,0.2627808020032423,0.0,0.1448094197673429,0.0
823,0.5895013183047555,0.2749090223493165,0.0,0.0,0.13558965934592795,0.0
824,0.5777092109452814,0.0,0.297563234685151,0.0,0.0,0.12472755436956767
825,0.5843693493095589,0.0,0.0,0.2238321299291703,0.0,0.1917985207612709
826,0.5795724717265787,0.0,0.2409318142150831,0.0,0.1794957140583382,0.0
827,0.5925265159477244,0.0,0.23076038016462777,0.0,0.17671310388764774,0.0
828,0.5792773220869767,0.0,0.24447627481211093,0.0,0.1762464031009125,0.0
829,0.540704936104102,0.26536322226312997,0.0,0.0,0.0,0.19393184163276797
830,0.5948888809339492,0.0,0.0,0.2782523611368156,0.1268587579292351,0.0
831,0.5941731576232178,0.2264880069927681,0.0,0.0,0.0,0.1793388353840141
832,0.5951799133153798,0.222228394958731,0.0,0.0,0.0,0.18259169172588918
833,0.593116519160671,0.0,0.0,0.2351199598994082,0.1717635209399208,0.0
834,0.5587749224480724,0.0,0.0,0.2589518543357762,0.0,0.18227322321615136
835,0.5805962944697709,0.0,0.0,0.2395087635136267,0.0,0.17989494201660222
836,0.588502168053915,0.0,0.0,0.28316477021814673,0.12833306172793832,0.0
837,0.5221740751883216,0.2928181482026335,0.0,0.0,0.0,0.18500777660904472
838,0.5693035322776527,0.0,0.2972861067691827,0.0,0.0,0.13341036095316458
839,0.5722585289314307,0.0,0.2887364909294493,0.0,0.0,0.1390049801391201
840,0.5830554031162218,0.21849463353943474,0.0,0.0,0.1984499633443435,0.0
841,0.55486918292803,0.0,0.0,0.24924259365967966,0.0,0.19588822341229029
842,0.5758614324169818,0.24474742303993727,0.0,0.0,0.17939114454308083,0.0
843,0.5900891519455854,0.0,0.2589744684529421,0.0,0.0,0.1509363796014726
844,0.5900863971155643,0.0,0.0,0.29706917198127697,0.11284443090315878,0.0
845,0.5857861919723306,0.0,0.272954143979148,0.0,0.14125966404852128,0.0
846,0.5862477172211645,0.0,0.0,0.23405602012834525,0.0,0.17969626265049016
847,0.5820558746337369,0.0,0.24695658472520426,0.0,0.17098754064105873,0.0
848,0.5820553117952768,0.0,0.0,0.2370006589973879,0.1809440292073353,0.0
849,0.5372133426511971,0.27634197476203654,0.0,0.0,0.0,0.18644468258676627
850,0.5785599531313511,0.0,0.2627216048349473,0.0,0.15871844203370167,0.0
851,0.5905001299323968,0.2739623939668747,0.0,0.0,0.0,0.13553747610072853
852,0.5210935473957747,0.29683224388385465,0.0,0.0,0.0,0.18207420872037058
853,0.5769611371270825,0.24491342417003065,0.0,0.0,0.17812543870288697,0.0
854,0.5856537699737505,0.24952419358496836,0.0,0.0,0.0,0.1648220364412812
855,0.5696999236471475,0.0,0.24843057755826015,0.0,0.18186949879459244,0.0
856,0.5916430237528719,0.0,0.0,0.21047646485998128,0.0,0.1978805113871468
857,0.5702935475660217,0.2796389732187534,0.0,0.0,0.15006747921522512,0.0
858,0.5194108436649167,0.0,0.0,0.2902533762804751,0.0,0.19033578005460824
859,0.5811735775818843,0.0,0.28373291919178967,0.0,0.0,0.13509350322632618
860,0.5576250637109744,0.0,0.0,0.274615613795151,0.16775932249387474,0.0
861,0.5719999852772105,0.0,0.0,0.27341801325781667,0.15458200146497275,0.0
862,0.5718706801786538,0.23046880815593834,0.0,0.0,0.19766051166540788,0.0
863,0.580984873873473,0.23071718297352675,0.0,0.0,0.0,0.18829794315300025
864,0.5814002528177981,0.23922286385544883,0.0,0.0,0.17937688332675317,0.0
865,0.5691586934545896,0.0,0.29954684685243,0.0,0.0,0.13129445969298037
866,0.5829067045763269,0.0,0.0,0.2500219650496635,0.16707133037400962,0.0
867,0.5731086059964149,0.0,0.24214634724844666,0.0,0.18474504675513842,0.0
868,0.5242931925271128,0.28758327538779127,0.0,0.0,0.18812353208509594,0.0
869,0.5810348511012151,0.0,0.0,0.2923513697084443,0.0,0.12661377919034064
870,0.5741938633168027,0.23855617679000385,0.0,0.0,0.0,0.1872499598931935
871,0.581360577088409,0.0,0.0,0.25760764763432026,0.1610317752772707,0.0
872,0.5388291765657622,0.0,0.0,0.29006342691340603,0.17110739652083187,0.0
873,0.5432905615083686,0.25982006749938247,0.0,0.0,0.19688937099224904,0.0
874,0.5276090367843866,0.0,0.2878216642249987,0.0,0.1845692989906147,0.0
875,0.5355878440337698,0.29974684914840327,0.0,0.0,0.16466530681782693,0.0
876,0.5958037718155458,0.2682202467169396,0.0,0.0,0.0,0.13597598146751452
877,0.5402087746757777,0.0,0.0,0.2946568623796476,0.16513436294457468,0.0
878,0.5384965153440884,0.294008705156347,0.0,0.0,0.0,0.16749477949956448
879,0.5849465158615024,0.0,0.2788188882867638,0.0,0.13623459585173375,0.0
880,0.572618163532374,0.0,0.0,0.27384161781221467,0.0,0.15354021865541134
881,0.5354851474243664,0.0,0.0,0.27897282460781986,0.0,0.18554202796781374
882,0.5903332859580298,0.0,0.0,0.2737106458195469,0.0,0.1359560682224233
883,0.5483276974584317,0.25820617569597637,0.0,0.0,0.0,0.19346612684559192
884,0.5733439834425347,0.2364160500483459,0.0,0.0,0.0,0.19023996650911945
885,0.5805715247865285,0.0,0.0,0.22150609725383474,0.19792237795963669,0.0
886,0.5837289104393772,0.2808299461049781,0.0,0.0,0.0,0.1354411434556447
887,0.5405183069802133,0.0,0.0,0.29405771014158594,0.0,0.16542398287820081
888,0.5391877967707784,0.2727400554057269,0.0,0.0,0.0,0.1880721478234946
889,0.5528272546618235,0.0,0.0,0.28709004268299937,0.16008270265517724,0.0
890,0.5978733781877889,0.0,0.2582173433810013,0.0,0.14390927843120982,0.0
891,0.5835115905318827,0.28590762641331313,0.0,0.0,0.0,0.13058078305480406
892,0.5923554178074216,0.24952974405553915,0.0,0.0,0.0,0.1581148381370393
893,0.5347913198124844,0.0,0.0,0.28685626783758256,0.17835241234993307,0.0
894,0.5671074425068431,0.23845232968562033,0.0,0.0,0.19444022780753656,0.0
895,0.5630192118943613,0.0,0.24877288971015882,0.0,0.0,0.18820789839547977
896,0.5665696967353502,0.0,0.26324097359440907,0.0,0.17018932967024072,0.0
897,0.5283327846324295,0.0,0.2947094394541204,0.0,0.0,0.17695777591345005
898,0.5281380640429403,0.2939864420175068,0.0,0.0,0.0,0.17787549393955282
899,0.5779045765123019,0.2330906139315693,0.0,0.0,0.0,0.18900480955612878
900,0.589250560351635,0.2610982640523362,0.0,0.0,0.0,0.1496511755960287
901,0.5930448242456863,0.23075183975817143,0.0,0.0,0.1762033359961423,0.0
902,0.5769541261004966,0.0,0.0,0.2700496175777921,0.0,0.15299625632171132
903,0.5830925728629636,0.0,0.0,0.21916962427864337,0.0,0.19773780285839304
904,0.567160675323116,0.0,0.0,0.24824631175858322,0.18459301291830083,0.0
905,0.5647924628889707,0.0,0.0,0.2667818546163708,0.0,0.16842568249465856
906,0.5308985454644407,0.29557201862556937,0.0,0.0,0.17352943590998987,0.0
907,0.5766577885589246,0.22482219506869874,0.0,0.0,0.0,0.19852001637237662
908,0.5360436963513117,0.27633543516278747,0.0,0.0,0.0,0.18762086848590073
909,0.5533897751961374,0.2943023834399794,0.0,0.0,0.15230784136388334,0.0
910,0.5926586226035255,0.27591794760510174,0.0,0.0,0.0,0.13142342979137284
911,0.5956443957527994,0.0,0.27684080262723954,0.0,0.0,0.1275148016199612
912,0.5468218347186602,0.0,0.27455638217878087,0.0,0.17862178310255905,0.0
913,0.5340745465680379,0.2818201353832779,0.0,0.0,0.0,0.1841053180486842
914,0.5753223787433214,0.0,0.2655322189218024,0.0,0.1591454023348763,0.0
915,0.5977588008619448,0.0,0.23062169999020316,0.0,0.17161949914785202,0.0
916,0.5342252310197045,0.0,0.0,0.2675244905328663,0.0,0.19825027844742923
917,0.520525597260839,0.0,0.2914535807679489,0.0,0.18802082197121195,0.0
918,0.5799717063579094,0.0,0.2919816109864809,0.0,0.0,0.1280466826556096
919,0.5204292966427692,0.0,0.0,0.29900394844207356,0.0,0.1805667549151574
920,0.5067266760583415,0.0,0.29609915092452693,0.0,0.0,0.19717417301713153
921,0.5930210201945959,0.0,0.0,0.2560920043852962,0.0,0.1508869754201078
922,0.5917428202744084,0.29720665496213133,0.0,0.0,0.0,0.11105052476346022
923,0.5713939255088503,0.0,0.0,0.2311904051588534,0.1974156693322964,0.0
924,0.5413779490186746,0.0,0.0,0.29123417182381756,0.0,0.1673878791575077
925,0.576925547610835,0.0,0.0,0.27242372212949506,0.0,0.1506507302596699
926,0.5629738778424725,0.26968503527038884,0.0,0.0,0.0,0.16734108688713875
927,0.5467941625316434,0.0,0.258552887071744,0.0,0.0,0.1946529503966125
928,0.5391989579021534,0.0,0.0,0.27854644640829473,0.0,0.1822545956895518
929,0.5424682388346034,0.29005569034028744,0.0,0.0,0.0,0.1674760708251091
930,0.5976618024266572,0.0,0.0,0.2589740141593402,0.14336418341400262,0.0
931,0.575303038773517,0.0,0.27074455878036585,0.0,0.0,0.1539524024461172
932,0.5541423142064758,0.0,0.0,0.2891223444546476,0.0,0.15673534133887673
933,0.5215716027003926,0.0,0.0,0.29190793708829527,0.18652046021131216,0.0
934,0.5800746798182561,0.2797438739926949,0.0,0.0,0.0,0.14018144618904893
935,0.589945427534309,0.26031001462452336,0.0,0.0,0.14974455784116752,0.0
936,0.5743210497808778,0.0,0.0,0.2775229000061397,0.0,0.14815605021298256
937,0.5185096534596729,0.0,0.0,0.29338634153101606,0.18810400500931093,0.0
938,0.5984200884076051,0.0,0.0,0.2513522578807969,0.0,0.15022765371159802
939,0.5785073873599459,0.2388944401746804,0.0,0.0,0.0,0.18259817246537377
940,0.5553446855504891,0.2918281684991322,0.0,0.0,0.1528271459503787,0.0
941,0.5912525049256689,0.0,0.0,0.2685649079752643,0.1401825870990667,0.0
942,0.5536744042769421,0.0,0.2838983725451582,0.0,0.0,0.16242722317789965
943,0.5344198611415613,0.0,0.2979476816993699,0.0,0.0,0.16763245715906883
944,0.5192065839484272,0.0,0.28557831412311696,0.0,0.19521510192845587,0.0
945,0.5780675346614045,0.0,0.0,0.259004140886106,0.16292832445248942,0.0
946,0.5440461759702954,0.28837760459482686,0.0,0.0,0.0,0.16757621943487785
947,0.5819450887507627,0.23772792293753234,0.0,0.0,0.0,0.18032698831170493
948,0.5742639481127374,0.29378768842229985,0.0,0.0,0.13194836346496264,0.0
949,0.5886862613534346,0.0,0.23902179993891234,0.0,0.17229193870765308,0.0
950,0.5477366708370306,0.0,0.28968578307853815,0.0,0.0,0.1625775460844313
951,0.524031468253146,0.2801433407842026,0.0,0.0,0.19582519096265152,0.0
952,0.5255248358865204,0.0,0.0,0.29041236558140926,0.0,0.18406279853207025
953,0.5764833631263165,0.0,0.0,0.295117829395432,0.1283988074782514,0.0
954,0.5693978852649307,0.0,0.0,0.29607469321736063,0.0,0.13452742151770863
955,0.5742427335196092,0.2627128166729891,0.0,0.0,0.16304444980740176,0.0
956,0.5769275598285944,0.0,0.0,0.23819043558483236,0.0,0.1848820045865731
957,0.5501737896871832,0.0,0.27013806391603634,0.0,0.1796881463967804,0.0
958,0.5450440510361774,0.290728298502904,0.0,0.0,0.1642276504609186,0.0
959,0.5734987858585936,0.0,0.0,0.2633978383502436,0.16310337579116277,0.0
960,0.5551693609073755,0.0,0.0,0.2588356771185634,0.0,0.18599496197406118
961,0.5856596986716395,0.2990956730292291,0.0,0.0,0.0,0.11524462829913137
962,0.5031666464986507,0.0,0.0,0.29995689968527445,0.0,0.19687645381607477
963,0.5405592514974716,0.0,0.0,0.26978882232410617,0.1896519261784222,0.0
964,0.5873531628528023,0.0,0.24594145038812976,0.0,0.0,0.16670538675906793
965,0.565542963469068,0.0,0.29335701615888016,0.0,0.0,0.14110002037205183
966,0.5174349243633494,0.0,0.29609190580906447,0.0,0.0,0.1864731698275862
967,0.5467871414241221,0.0,0.28512101620055946,0.0,0.0,0.1680918423753184
968,0.5620406093252467,0.2847281102955647,0.0,0.0,0.15323128037918854,0.0
969,0.5910849612221771,0.28015891720970715,0.0,0.0,0.0,0.12875612156811567
970,0.5795519432215587,0.27250214379843146,0.0,0.0,0.0,0.14794591298001
971,0.5333578995605638,0.26715714873134105,0.0,0.0,0.19948495170809505,0.0
972,0.5329888985227532,0.0,0.2992922327966225,0.0,0.16771886868062436,0.0
973,0.5749115731672528,0.27601675425866673,0.0,0.0,0.0,0.14907167257408047
974,0.5575108306099712,0.0,0.0,0.29630268455023234,0.14618648483979643,0.0
975,0.592752757793923,0.22098678749903358,0.0,0.0,0.18626045470704344,0.0
976,0.5793431176778586,0.25717601281376523,0.0,0.0,0.16348086950837618,0.0
977,0.5336714437686098,0.29240420250984966,0.0,0.0,0.0,0.17392435372154047
978,0.5891956277812188,0.0,0.0,0.22821658370400316,0.0,0.18258778851477803
979,0.5744513821080705,0.0,0.0,0.27881368866557527,0.0,0.14673492922635423
980,0.5949719321470445,0.0,0.0,0.23417513778177582,0.17085293007117971,0.0
981,0.5799838335798673,0.0,0.0,0.264467682347374,0.15554848407275873,0.0
982,0.5714837658779881,0.24199394375792038,0.0,0.0,0.0,0.18652229036409157
983,0.5689723402974183,0.26788195129897824,0.0,0.0,0.16314570840360348,0.0
984,0.56900651713772,0.0,0.0,0.2510635053262499,0.17992997753603,0.0
985,0.5703161290271479,0.0,0.2627174898403868,0.0,0.0,0.16696638113246529
986,0.5587032863437937,0.0,0.2585767431369489,0.0,0.0,0.18271997051925737
987,0.589204695094954,0.269088512135017,0.0,0.0,0.14170679277002904,0.0
988,0.5622310352273344,0.0,0.2660433238898036,0.0,0.171725640882862,0.0
989,0.584895627227937,0.23436249064197426,0.0,0.0,0.1807418821300888,0.0
990,0.5593141378402029,0.0,0.2675265089307439,0.0,0.0,0.17315935322905313
991,0.596543026865641,0.0,0.2282309100887057,0.0,0.0,0.1752260630456533
992,0.5647890828071355,0.25105217226817267,0.0,0.0,0.1841587449246919,0.0
993,0.5079986335760146,0.0,0.0,0.2932558211122292,0.0,0.19874554531175606
994,0.5783428661718422,0.24821662736452052,0.0,0.0,0.0,0.17344050646363726
995,0.578811791085074,0.0,0.2478486140449571,0.0,0.173339594869969,0.0
996,0.5615876732550007,0.0,0.26231142753364944,0.0,0.1761008992113498,0.0
997,0.5407437942017029,0.2593405518274007,0.0,0.0,0.0,0.19991565397089633
998,0.5683914784018864,0.29778099300164707,0.0,0.0,0.13382752859646654,0.0
999,0.59137756785519,0.0,0.26802153612520035,0.0,0.14060089601960965,0.0
